treatmentId,patientId,patternType,pattern,visits,location,employeeRestriction,heaviness,utility,pattern_complexity,nActInTreat,allocation,employeeHistory,continuityGroup,clinic,specialisationPreferred,extraSupport,t_complexity,complexity,visitsIds,nActivities,activitiesIds
1,1,1,[1],5,"(59.9182, 10.699)",,2,1,1,,0,{0: []},3,2,,yes,1.844534632034632,2.844534632034632,"[1, 2, 3, 4, 5]",11,"[1, 2, 3, 4, 5, 6, 7, 8, 9, 10, 11]"
2,2,4,"[8, 9, 10]",2,"(59.9204, 10.7597)",,2,1,4,,0,"{1: [1, 4, 2]}",2,3,3,no,0.8,4.8,"[6, 7]",10,"[12, 13, 14, 15, 16, 17, 18, 19, 20, 21]"
3,3,1,[1],5,"(59.9366, 10.668)",,1,1,1,,0,{0: []},3,2,2,yes,1.7083333333333335,2.7083333333333335,"[8, 9, 10, 11, 12]",11,"[22, 23, 24, 25, 26, 27, 28, 29, 30, 31, 32]"
4,4,1,[1],5,"(59.9405, 10.7017)",,2,1,1,,0,{0: []},3,2,2,yes,1.6815018315018313,2.6815018315018313,"[13, 14, 15, 16, 17]",11,"[33, 34, 35, 36, 37, 38, 39, 40, 41, 42, 43]"
5,5,1,[1],5,"(59.9485, 10.6377)",,2,1,1,,0,{1: []},2,2,2,yes,1.5151709401709401,2.51517094017094,"[18, 19, 20, 21, 22]",11,"[44, 45, 46, 47, 48, 49, 50, 51, 52, 53, 54]"
6,6,1,[1],5,"(59.931, 10.6894)",,2,1,1,,0,{0: []},3,1,,yes,1.6737103174603174,2.6737103174603174,"[23, 24, 25, 26, 27]",11,"[55, 56, 57, 58, 59, 60, 61, 62, 63, 64, 65]"
7,7,4,"[8, 9, 10]",2,"(59.9267, 10.8455)",,2,1,4,,0,"{1: [5, 3, 4]}",2,4,4,no,0.75,4.75,"[28, 29]",10,"[66, 67, 68, 69, 70, 71, 72, 73, 74, 75]"
8,8,1,[1],5,"(59.9477, 10.7355)",[3],1,1,1,,0,{1: []},2,2,2,yes,1.5476495726495727,2.547649572649573,"[30, 31, 32, 33, 34]",11,"[76, 77, 78, 79, 80, 81, 82, 83, 84, 85, 86]"
9,9,4,"[8, 9, 10]",2,"(59.9013, 10.8187)",,2,1,4,,0,{0: []},3,1,1,no,0.7,4.7,"[35, 36]",10,"[87, 88, 89, 90, 91, 92, 93, 94, 95, 96]"
10,10,4,"[8, 9, 10]",2,"(59.9412, 10.7411)",,2,1,4,,0,{0: []},3,4,,no,0.7,4.7,"[37, 38]",10,"[97, 98, 99, 100, 101, 102, 103, 104, 105, 106]"
11,11,1,[1],5,"(59.877, 10.7947)",,1,1,1,,0,"{1: [1, 2, 3]}",2,2,2,yes,1.6446682946682945,2.6446682946682945,"[39, 40, 41, 42, 43]",11,"[107, 108, 109, 110, 111, 112, 113, 114, 115, 116, 117]"
12,12,4,"[8, 9, 10]",2,"(59.9369, 10.6915)",,1,1,4,,0,"{1: [4, 5, 3]}",2,3,3,no,0.7,4.7,"[44, 45]",10,"[118, 119, 120, 121, 122, 123, 124, 125, 126, 127]"
13,13,4,"[8, 9, 10]",2,"(59.936, 10.7736)",,1,1,4,,0,{0: []},3,1,,no,0.7,4.7,"[46, 47]",10,"[128, 129, 130, 131, 132, 133, 134, 135, 136, 137]"
14,14,1,[1],5,"(59.9584, 10.7261)",,1,1,1,,0,{0: []},3,2,2,yes,1.6794552669552665,2.6794552669552667,"[48, 49, 50, 51, 52]",11,"[138, 139, 140, 141, 142, 143, 144, 145, 146, 147, 148]"
15,15,1,[1],5,"(59.8648, 10.8043)",,2,1,1,,1,"{1: [1, 2, 4]}",2,1,1,yes,1.7198246198246199,2.71982461982462,"[53, 54, 55, 56, 57]",11,"[149, 150, 151, 152, 153, 154, 155, 156, 157, 158, 159]"
16,16,1,[1],5,"(59.9125, 10.7207)",,1,1,1,,0,{0: []},3,3,3,yes,1.6873015873015873,2.6873015873015875,"[58, 59, 60, 61, 62]",11,"[160, 161, 162, 163, 164, 165, 166, 167, 168, 169, 170]"
17,17,1,[1],5,"(59.9158, 10.7283)",[4],2,1,1,,0,"{1: [3, 5, 1]}",2,2,2,yes,1.5294871794871794,2.5294871794871794,"[63, 64, 65, 66, 67]",11,"[171, 172, 173, 174, 175, 176, 177, 178, 179, 180, 181]"
18,18,1,[1],5,"(59.9199, 10.8071)",,1,1,1,,0,{0: []},3,2,2,yes,1.5642080142080141,2.564208014208014,"[68, 69, 70, 71, 72]",11,"[182, 183, 184, 185, 186, 187, 188, 189, 190, 191, 192]"
19,19,4,"[8, 9, 10]",2,"(59.9574, 10.7577)",,1,1,4,,0,"{1: [1, 3, 2]}",2,2,2,no,0.7,4.7,"[73, 74]",10,"[193, 194, 195, 196, 197, 198, 199, 200, 201, 202]"
20,20,1,[1],5,"(59.9254, 10.6983)",,2,1,1,,0,{1: []},2,2,2,yes,1.6965492840492842,2.696549284049284,"[75, 76, 77, 78, 79]",11,"[203, 204, 205, 206, 207, 208, 209, 210, 211, 212, 213]"
21,21,1,[1],5,"(59.9091, 10.8107)",,2,1,1,,0,"{1: [5, 1, 3]}",2,2,,yes,1.5083562271062272,2.508356227106227,"[80, 81, 82, 83, 84]",11,"[214, 215, 216, 217, 218, 219, 220, 221, 222, 223, 224]"
22,22,1,[1],5,"(59.9214, 10.711)",,2,1,1,,1,"{1: [4, 1, 3]}",2,2,,yes,1.6485042735042732,2.6485042735042734,"[85, 86, 87, 88, 89]",11,"[225, 226, 227, 228, 229, 230, 231, 232, 233, 234, 235]"
23,23,1,[1],5,"(59.9217, 10.7833)",,2,1,1,,0,"{1: [2, 3, 5]}",2,2,,yes,1.5136904761904764,2.5136904761904764,"[90, 91, 92, 93, 94]",11,"[236, 237, 238, 239, 240, 241, 242, 243, 244, 245, 246]"
24,24,1,[1],5,"(59.9406, 10.7265)",,2,1,1,,0,{0: []},3,2,2,yes,1.5317904317904318,2.531790431790432,"[95, 96, 97, 98, 99]",11,"[247, 248, 249, 250, 251, 252, 253, 254, 255, 256, 257]"
25,25,4,"[8, 9, 10]",2,"(59.9395, 10.7955)",,2,1,4,,0,{0: []},3,2,,no,0.7,4.7,"[100, 101]",10,"[258, 259, 260, 261, 262, 263, 264, 265, 266, 267]"
26,26,1,[1],5,"(59.9435, 10.6987)",,2,1,1,,0,"{1: [4, 2, 5]}",2,2,,yes,1.7916860916860915,2.7916860916860915,"[102, 103, 104, 105, 106]",11,"[268, 269, 270, 271, 272, 273, 274, 275, 276, 277, 278]"
27,27,1,[1],5,"(59.8821, 10.8197)",,2,1,1,,0,{1: []},2,2,2,yes,1.516559829059829,2.516559829059829,"[107, 108, 109, 110, 111]",11,"[279, 280, 281, 282, 283, 284, 285, 286, 287, 288, 289]"
28,28,4,"[8, 9, 10]",2,"(59.9233, 10.6707)",,2,1,4,,0,"{1: [3, 4, 2]}",2,2,2,no,0.7,4.7,"[112, 113]",10,"[290, 291, 292, 293, 294, 295, 296, 297, 298, 299]"
29,29,4,"[8, 9, 10]",2,"(59.9399, 10.7507)",,2,1,4,,0,"{1: [1, 2, 4]}",2,4,,no,0.75,4.75,"[114, 115]",10,"[300, 301, 302, 303, 304, 305, 306, 307, 308, 309]"
30,30,1,[1],5,"(59.9259, 10.74)",,2,1,1,,0,"{1: [5, 3, 1]}",2,2,2,yes,1.62008547008547,2.62008547008547,"[116, 117, 118, 119, 120]",11,"[310, 311, 312, 313, 314, 315, 316, 317, 318, 319, 320]"
31,31,1,[1],5,"(59.952, 10.6931)",,2,1,1,,0,{0: []},3,2,2,yes,1.7046296296296295,2.7046296296296295,"[121, 122, 123, 124, 125]",11,"[321, 322, 323, 324, 325, 326, 327, 328, 329, 330, 331]"
32,32,1,[1],5,"(59.9227, 10.869)",,1,1,1,,0,{0: []},3,2,,yes,1.5315656565656566,2.5315656565656566,"[126, 127, 128, 129, 130]",11,"[332, 333, 334, 335, 336, 337, 338, 339, 340, 341, 342]"
33,33,4,"[8, 9, 10]",2,"(59.9405, 10.7389)",,1,1,4,,0,"{1: [5, 3, 1]}",2,1,1,no,0.7,4.7,"[131, 132]",10,"[343, 344, 345, 346, 347, 348, 349, 350, 351, 352]"
34,34,4,"[8, 9, 10]",2,"(59.9243, 10.7574)",,1,1,4,,0,"{1: [3, 5, 2]}",2,4,4,no,0.7,4.7,"[133, 134]",10,"[353, 354, 355, 356, 357, 358, 359, 360, 361, 362]"
35,35,1,[1],5,"(59.9446, 10.7371)",,2,1,1,,0,{0: []},3,2,2,yes,1.7031746031746031,2.7031746031746033,"[135, 136, 137, 138, 139]",11,"[363, 364, 365, 366, 367, 368, 369, 370, 371, 372, 373]"
36,36,1,[1],5,"(59.8728, 10.832)",,2,1,1,,1,"{1: [5, 3, 2]}",2,2,,yes,1.6776098901098901,2.67760989010989,"[140, 141, 142, 143, 144]",11,"[374, 375, 376, 377, 378, 379, 380, 381, 382, 383, 384]"
37,37,1,[1],5,"(59.9356, 10.6339)",,1,1,1,,0,"{1: [5, 3, 4]}",2,2,2,yes,1.707864357864358,2.707864357864358,"[145, 146, 147, 148, 149]",11,"[385, 386, 387, 388, 389, 390, 391, 392, 393, 394, 395]"
38,38,1,[1],5,"(59.8893, 10.8269)",,2,1,1,,0,{0: []},3,2,2,yes,1.7242634680134679,2.7242634680134676,"[150, 151, 152, 153, 154]",11,"[396, 397, 398, 399, 400, 401, 402, 403, 404, 405, 406]"
39,39,4,"[8, 9, 10]",2,"(59.9437, 10.751)",,1,1,4,,0,"{1: [2, 3, 4]}",2,4,,no,0.7,4.7,"[155, 156]",10,"[407, 408, 409, 410, 411, 412, 413, 414, 415, 416]"
40,40,4,"[8, 9, 10]",2,"(59.9222, 10.8294)",,1,1,4,,0,"{1: [4, 1, 3]}",2,2,2,no,0.75,4.75,"[157, 158]",10,"[417, 418, 419, 420, 421, 422, 423, 424, 425, 426]"
41,41,4,"[8, 9, 10]",2,"(59.9531, 10.6558)",,2,1,4,,0,{0: []},3,4,4,no,0.75,4.75,"[159, 160]",10,"[427, 428, 429, 430, 431, 432, 433, 434, 435, 436]"
42,42,1,[1],5,"(59.9298, 10.7515)",,2,1,1,,0,"{1: [5, 1, 2]}",2,2,2,yes,1.6012820512820514,2.6012820512820514,"[161, 162, 163, 164, 165]",11,"[437, 438, 439, 440, 441, 442, 443, 444, 445, 446, 447]"
43,43,1,[1],5,"(59.9567, 10.7245)",,1,1,1,,1,{0: []},3,2,,yes,1.7180555555555554,2.7180555555555554,"[166, 167, 168, 169, 170]",11,"[448, 449, 450, 451, 452, 453, 454, 455, 456, 457, 458]"
44,44,4,"[8, 9, 10]",2,"(59.9374, 10.6338)",,1,1,4,,0,{0: []},3,3,,no,0.75,4.75,"[171, 172]",10,"[459, 460, 461, 462, 463, 464, 465, 466, 467, 468]"
45,45,1,[1],5,"(59.9252, 10.8398)",,2,1,1,,0,"{1: [4, 5, 2]}",2,2,2,yes,1.548332917082917,2.548332917082917,"[173, 174, 175, 176, 177]",11,"[469, 470, 471, 472, 473, 474, 475, 476, 477, 478, 479]"
46,46,4,"[8, 9, 10]",2,"(59.937, 10.739)",,2,1,4,,0,{0: []},3,3,,no,0.7,4.7,"[178, 179]",10,"[480, 481, 482, 483, 484, 485, 486, 487, 488, 489]"
47,47,1,[1],5,"(59.9175, 10.8572)",,2,1,1,,0,"{1: [2, 1, 5]}",2,2,2,yes,1.4669566544566546,2.466956654456655,"[180, 181, 182, 183, 184]",11,"[490, 491, 492, 493, 494, 495, 496, 497, 498, 499, 500]"
48,48,1,[1],5,"(59.9369, 10.7433)",,2,1,1,,0,{0: []},3,2,2,yes,1.4800505050505053,2.4800505050505053,"[185, 186, 187, 188, 189]",11,"[501, 502, 503, 504, 505, 506, 507, 508, 509, 510, 511]"
49,49,4,"[8, 9, 10]",2,"(59.883, 10.8211)",,2,1,4,,0,{0: []},3,4,4,no,0.75,4.75,"[190, 191]",10,"[512, 513, 514, 515, 516, 517, 518, 519, 520, 521]"
50,50,1,[1],5,"(59.9411, 10.7076)",,2,1,1,,0,{0: []},3,2,,yes,1.5487942612942611,2.548794261294261,"[192, 193, 194, 195, 196]",11,"[522, 523, 524, 525, 526, 527, 528, 529, 530, 531, 532]"
