,0
"(0, 0)",0.0
"(0, 1)",13.8983
"(0, 2)",13.8983
"(0, 3)",13.8983
"(0, 4)",13.8983
"(0, 5)",13.8983
"(0, 17)",23.7383
"(0, 18)",23.7383
"(0, 19)",0.0
"(0, 20)",23.7383
"(0, 21)",23.7383
"(0, 22)",0.0
"(0, 23)",23.7383
"(0, 24)",23.7383
"(0, 25)",0.0
"(0, 26)",23.7383
"(0, 27)",23.7383
"(0, 28)",22.28
"(0, 29)",22.28
"(0, 30)",22.28
"(0, 31)",22.28
"(0, 32)",22.28
"(0, 33)",0.0
"(0, 34)",16.8933
"(0, 35)",16.8933
"(0, 36)",16.8933
"(0, 37)",0.0
"(0, 38)",0.0
"(0, 39)",16.8933
"(0, 40)",16.8933
"(0, 41)",16.8933
"(0, 42)",0.0
"(0, 43)",11.2267
"(0, 44)",11.2267
"(0, 45)",4.595
"(0, 46)",4.595
"(0, 47)",4.595
"(0, 48)",4.595
"(0, 49)",4.595
"(0, 62)",9.9617
"(0, 63)",9.9617
"(0, 64)",0.0
"(0, 65)",9.9617
"(0, 66)",9.9617
"(0, 67)",0.0
"(0, 68)",9.9617
"(0, 69)",9.9617
"(0, 70)",0.0
"(0, 71)",7.37
"(0, 72)",7.37
"(0, 73)",7.37
"(0, 74)",7.37
"(0, 75)",7.37
"(0, 96)",23.7383
"(0, 97)",23.7383
"(0, 98)",23.7383
"(1, 0)",15.195
"(1, 1)",0.0
"(1, 2)",0.0
"(1, 3)",0.0
"(1, 4)",0.0
"(1, 5)",0.0
"(1, 17)",13.785
"(1, 18)",13.785
"(1, 19)",15.195
"(1, 20)",13.785
"(1, 21)",13.785
"(1, 22)",15.195
"(1, 23)",13.785
"(1, 24)",13.785
"(1, 25)",15.195
"(1, 26)",13.785
"(1, 27)",13.785
"(1, 28)",12.3267
"(1, 29)",12.3267
"(1, 30)",12.3267
"(1, 31)",12.3267
"(1, 32)",12.3267
"(1, 33)",15.195
"(1, 34)",9.4817
"(1, 35)",9.4817
"(1, 36)",9.4817
"(1, 37)",15.195
"(1, 38)",15.195
"(1, 39)",9.4817
"(1, 40)",9.4817
"(1, 41)",9.4817
"(1, 42)",15.195
"(1, 43)",17.2817
"(1, 44)",17.2817
"(1, 45)",12.0617
"(1, 46)",12.0617
"(1, 47)",12.0617
"(1, 48)",12.0617
"(1, 49)",12.0617
"(1, 62)",15.2283
"(1, 63)",15.2283
"(1, 64)",15.195
"(1, 65)",15.2283
"(1, 66)",15.2283
"(1, 67)",15.195
"(1, 68)",15.2283
"(1, 69)",15.2283
"(1, 70)",15.195
"(1, 71)",13.1783
"(1, 72)",13.1783
"(1, 73)",13.1783
"(1, 74)",13.1783
"(1, 75)",13.1783
"(1, 96)",13.785
"(1, 97)",13.785
"(1, 98)",13.785
"(2, 0)",15.195
"(2, 1)",0.0
"(2, 2)",0.0
"(2, 3)",0.0
"(2, 4)",0.0
"(2, 5)",0.0
"(2, 17)",13.785
"(2, 18)",13.785
"(2, 19)",15.195
"(2, 20)",13.785
"(2, 21)",13.785
"(2, 22)",15.195
"(2, 23)",13.785
"(2, 24)",13.785
"(2, 25)",15.195
"(2, 26)",13.785
"(2, 27)",13.785
"(2, 28)",12.3267
"(2, 29)",12.3267
"(2, 30)",12.3267
"(2, 31)",12.3267
"(2, 32)",12.3267
"(2, 33)",15.195
"(2, 34)",9.4817
"(2, 35)",9.4817
"(2, 36)",9.4817
"(2, 37)",15.195
"(2, 38)",15.195
"(2, 39)",9.4817
"(2, 40)",9.4817
"(2, 41)",9.4817
"(2, 42)",15.195
"(2, 43)",17.2817
"(2, 44)",17.2817
"(2, 45)",12.0617
"(2, 46)",12.0617
"(2, 47)",12.0617
"(2, 48)",12.0617
"(2, 49)",12.0617
"(2, 62)",15.2283
"(2, 63)",15.2283
"(2, 64)",15.195
"(2, 65)",15.2283
"(2, 66)",15.2283
"(2, 67)",15.195
"(2, 68)",15.2283
"(2, 69)",15.2283
"(2, 70)",15.195
"(2, 71)",13.1783
"(2, 72)",13.1783
"(2, 73)",13.1783
"(2, 74)",13.1783
"(2, 75)",13.1783
"(2, 96)",13.785
"(2, 97)",13.785
"(2, 98)",13.785
"(3, 0)",15.195
"(3, 1)",0.0
"(3, 2)",0.0
"(3, 3)",0.0
"(3, 4)",0.0
"(3, 5)",0.0
"(3, 17)",13.785
"(3, 18)",13.785
"(3, 19)",15.195
"(3, 20)",13.785
"(3, 21)",13.785
"(3, 22)",15.195
"(3, 23)",13.785
"(3, 24)",13.785
"(3, 25)",15.195
"(3, 26)",13.785
"(3, 27)",13.785
"(3, 28)",12.3267
"(3, 29)",12.3267
"(3, 30)",12.3267
"(3, 31)",12.3267
"(3, 32)",12.3267
"(3, 33)",15.195
"(3, 34)",9.4817
"(3, 35)",9.4817
"(3, 36)",9.4817
"(3, 37)",15.195
"(3, 38)",15.195
"(3, 39)",9.4817
"(3, 40)",9.4817
"(3, 41)",9.4817
"(3, 42)",15.195
"(3, 43)",17.2817
"(3, 44)",17.2817
"(3, 45)",12.0617
"(3, 46)",12.0617
"(3, 47)",12.0617
"(3, 48)",12.0617
"(3, 49)",12.0617
"(3, 62)",15.2283
"(3, 63)",15.2283
"(3, 64)",15.195
"(3, 65)",15.2283
"(3, 66)",15.2283
"(3, 67)",15.195
"(3, 68)",15.2283
"(3, 69)",15.2283
"(3, 70)",15.195
"(3, 71)",13.1783
"(3, 72)",13.1783
"(3, 73)",13.1783
"(3, 74)",13.1783
"(3, 75)",13.1783
"(3, 96)",13.785
"(3, 97)",13.785
"(3, 98)",13.785
"(4, 0)",15.195
"(4, 1)",0.0
"(4, 2)",0.0
"(4, 3)",0.0
"(4, 4)",0.0
"(4, 5)",0.0
"(4, 17)",13.785
"(4, 18)",13.785
"(4, 19)",15.195
"(4, 20)",13.785
"(4, 21)",13.785
"(4, 22)",15.195
"(4, 23)",13.785
"(4, 24)",13.785
"(4, 25)",15.195
"(4, 26)",13.785
"(4, 27)",13.785
"(4, 28)",12.3267
"(4, 29)",12.3267
"(4, 30)",12.3267
"(4, 31)",12.3267
"(4, 32)",12.3267
"(4, 33)",15.195
"(4, 34)",9.4817
"(4, 35)",9.4817
"(4, 36)",9.4817
"(4, 37)",15.195
"(4, 38)",15.195
"(4, 39)",9.4817
"(4, 40)",9.4817
"(4, 41)",9.4817
"(4, 42)",15.195
"(4, 43)",17.2817
"(4, 44)",17.2817
"(4, 45)",12.0617
"(4, 46)",12.0617
"(4, 47)",12.0617
"(4, 48)",12.0617
"(4, 49)",12.0617
"(4, 62)",15.2283
"(4, 63)",15.2283
"(4, 64)",15.195
"(4, 65)",15.2283
"(4, 66)",15.2283
"(4, 67)",15.195
"(4, 68)",15.2283
"(4, 69)",15.2283
"(4, 70)",15.195
"(4, 71)",13.1783
"(4, 72)",13.1783
"(4, 73)",13.1783
"(4, 74)",13.1783
"(4, 75)",13.1783
"(4, 96)",13.785
"(4, 97)",13.785
"(4, 98)",13.785
"(5, 0)",15.195
"(5, 1)",0.0
"(5, 2)",0.0
"(5, 3)",0.0
"(5, 4)",0.0
"(5, 5)",0.0
"(5, 17)",13.785
"(5, 18)",13.785
"(5, 19)",15.195
"(5, 20)",13.785
"(5, 21)",13.785
"(5, 22)",15.195
"(5, 23)",13.785
"(5, 24)",13.785
"(5, 25)",15.195
"(5, 26)",13.785
"(5, 27)",13.785
"(5, 28)",12.3267
"(5, 29)",12.3267
"(5, 30)",12.3267
"(5, 31)",12.3267
"(5, 32)",12.3267
"(5, 33)",15.195
"(5, 34)",9.4817
"(5, 35)",9.4817
"(5, 36)",9.4817
"(5, 37)",15.195
"(5, 38)",15.195
"(5, 39)",9.4817
"(5, 40)",9.4817
"(5, 41)",9.4817
"(5, 42)",15.195
"(5, 43)",17.2817
"(5, 44)",17.2817
"(5, 45)",12.0617
"(5, 46)",12.0617
"(5, 47)",12.0617
"(5, 48)",12.0617
"(5, 49)",12.0617
"(5, 62)",15.2283
"(5, 63)",15.2283
"(5, 64)",15.195
"(5, 65)",15.2283
"(5, 66)",15.2283
"(5, 67)",15.195
"(5, 68)",15.2283
"(5, 69)",15.2283
"(5, 70)",15.195
"(5, 71)",13.1783
"(5, 72)",13.1783
"(5, 73)",13.1783
"(5, 74)",13.1783
"(5, 75)",13.1783
"(5, 96)",13.785
"(5, 97)",13.785
"(5, 98)",13.785
"(17, 0)",23.8533
"(17, 1)",12.315
"(17, 2)",12.315
"(17, 3)",12.315
"(17, 4)",12.315
"(17, 5)",12.315
"(17, 17)",0.0
"(17, 18)",0.0
"(17, 19)",23.8533
"(17, 20)",0.0
"(17, 21)",0.0
"(17, 22)",23.8533
"(17, 23)",0.0
"(17, 24)",0.0
"(17, 25)",23.8533
"(17, 26)",0.0
"(17, 27)",0.0
"(17, 28)",6.545
"(17, 29)",6.545
"(17, 30)",6.545
"(17, 31)",6.545
"(17, 32)",6.545
"(17, 33)",23.8533
"(17, 34)",17.3517
"(17, 35)",17.3517
"(17, 36)",17.3517
"(17, 37)",23.8533
"(17, 38)",23.8533
"(17, 39)",17.3517
"(17, 40)",17.3517
"(17, 41)",17.3517
"(17, 42)",23.8533
"(17, 43)",25.94
"(17, 44)",25.94
"(17, 45)",20.72
"(17, 46)",20.72
"(17, 47)",20.72
"(17, 48)",20.72
"(17, 49)",20.72
"(17, 62)",23.8867
"(17, 63)",23.8867
"(17, 64)",23.8533
"(17, 65)",23.8867
"(17, 66)",23.8867
"(17, 67)",23.8533
"(17, 68)",23.8867
"(17, 69)",23.8867
"(17, 70)",23.8533
"(17, 71)",21.8367
"(17, 72)",21.8367
"(17, 73)",21.8367
"(17, 74)",21.8367
"(17, 75)",21.8367
"(17, 96)",0.0
"(17, 97)",0.0
"(17, 98)",0.0
"(18, 0)",23.8533
"(18, 1)",12.315
"(18, 2)",12.315
"(18, 3)",12.315
"(18, 4)",12.315
"(18, 5)",12.315
"(18, 17)",0.0
"(18, 18)",0.0
"(18, 19)",23.8533
"(18, 20)",0.0
"(18, 21)",0.0
"(18, 22)",23.8533
"(18, 23)",0.0
"(18, 24)",0.0
"(18, 25)",23.8533
"(18, 26)",0.0
"(18, 27)",0.0
"(18, 28)",6.545
"(18, 29)",6.545
"(18, 30)",6.545
"(18, 31)",6.545
"(18, 32)",6.545
"(18, 33)",23.8533
"(18, 34)",17.3517
"(18, 35)",17.3517
"(18, 36)",17.3517
"(18, 37)",23.8533
"(18, 38)",23.8533
"(18, 39)",17.3517
"(18, 40)",17.3517
"(18, 41)",17.3517
"(18, 42)",23.8533
"(18, 43)",25.94
"(18, 44)",25.94
"(18, 45)",20.72
"(18, 46)",20.72
"(18, 47)",20.72
"(18, 48)",20.72
"(18, 49)",20.72
"(18, 62)",23.8867
"(18, 63)",23.8867
"(18, 64)",23.8533
"(18, 65)",23.8867
"(18, 66)",23.8867
"(18, 67)",23.8533
"(18, 68)",23.8867
"(18, 69)",23.8867
"(18, 70)",23.8533
"(18, 71)",21.8367
"(18, 72)",21.8367
"(18, 73)",21.8367
"(18, 74)",21.8367
"(18, 75)",21.8367
"(18, 96)",0.0
"(18, 97)",0.0
"(18, 98)",0.0
"(19, 0)",0.0
"(19, 1)",13.8983
"(19, 2)",13.8983
"(19, 3)",13.8983
"(19, 4)",13.8983
"(19, 5)",13.8983
"(19, 17)",23.7383
"(19, 18)",23.7383
"(19, 19)",0.0
"(19, 20)",23.7383
"(19, 21)",23.7383
"(19, 22)",0.0
"(19, 23)",23.7383
"(19, 24)",23.7383
"(19, 25)",0.0
"(19, 26)",23.7383
"(19, 27)",23.7383
"(19, 28)",22.28
"(19, 29)",22.28
"(19, 30)",22.28
"(19, 31)",22.28
"(19, 32)",22.28
"(19, 33)",0.0
"(19, 34)",16.8933
"(19, 35)",16.8933
"(19, 36)",16.8933
"(19, 37)",0.0
"(19, 38)",0.0
"(19, 39)",16.8933
"(19, 40)",16.8933
"(19, 41)",16.8933
"(19, 42)",0.0
"(19, 43)",11.2267
"(19, 44)",11.2267
"(19, 45)",4.595
"(19, 46)",4.595
"(19, 47)",4.595
"(19, 48)",4.595
"(19, 49)",4.595
"(19, 62)",9.9617
"(19, 63)",9.9617
"(19, 64)",0.0
"(19, 65)",9.9617
"(19, 66)",9.9617
"(19, 67)",0.0
"(19, 68)",9.9617
"(19, 69)",9.9617
"(19, 70)",0.0
"(19, 71)",7.37
"(19, 72)",7.37
"(19, 73)",7.37
"(19, 74)",7.37
"(19, 75)",7.37
"(19, 96)",23.7383
"(19, 97)",23.7383
"(19, 98)",23.7383
"(20, 0)",23.8533
"(20, 1)",12.315
"(20, 2)",12.315
"(20, 3)",12.315
"(20, 4)",12.315
"(20, 5)",12.315
"(20, 17)",0.0
"(20, 18)",0.0
"(20, 19)",23.8533
"(20, 20)",0.0
"(20, 21)",0.0
"(20, 22)",23.8533
"(20, 23)",0.0
"(20, 24)",0.0
"(20, 25)",23.8533
"(20, 26)",0.0
"(20, 27)",0.0
"(20, 28)",6.545
"(20, 29)",6.545
"(20, 30)",6.545
"(20, 31)",6.545
"(20, 32)",6.545
"(20, 33)",23.8533
"(20, 34)",17.3517
"(20, 35)",17.3517
"(20, 36)",17.3517
"(20, 37)",23.8533
"(20, 38)",23.8533
"(20, 39)",17.3517
"(20, 40)",17.3517
"(20, 41)",17.3517
"(20, 42)",23.8533
"(20, 43)",25.94
"(20, 44)",25.94
"(20, 45)",20.72
"(20, 46)",20.72
"(20, 47)",20.72
"(20, 48)",20.72
"(20, 49)",20.72
"(20, 62)",23.8867
"(20, 63)",23.8867
"(20, 64)",23.8533
"(20, 65)",23.8867
"(20, 66)",23.8867
"(20, 67)",23.8533
"(20, 68)",23.8867
"(20, 69)",23.8867
"(20, 70)",23.8533
"(20, 71)",21.8367
"(20, 72)",21.8367
"(20, 73)",21.8367
"(20, 74)",21.8367
"(20, 75)",21.8367
"(20, 96)",0.0
"(20, 97)",0.0
"(20, 98)",0.0
"(21, 0)",23.8533
"(21, 1)",12.315
"(21, 2)",12.315
"(21, 3)",12.315
"(21, 4)",12.315
"(21, 5)",12.315
"(21, 17)",0.0
"(21, 18)",0.0
"(21, 19)",23.8533
"(21, 20)",0.0
"(21, 21)",0.0
"(21, 22)",23.8533
"(21, 23)",0.0
"(21, 24)",0.0
"(21, 25)",23.8533
"(21, 26)",0.0
"(21, 27)",0.0
"(21, 28)",6.545
"(21, 29)",6.545
"(21, 30)",6.545
"(21, 31)",6.545
"(21, 32)",6.545
"(21, 33)",23.8533
"(21, 34)",17.3517
"(21, 35)",17.3517
"(21, 36)",17.3517
"(21, 37)",23.8533
"(21, 38)",23.8533
"(21, 39)",17.3517
"(21, 40)",17.3517
"(21, 41)",17.3517
"(21, 42)",23.8533
"(21, 43)",25.94
"(21, 44)",25.94
"(21, 45)",20.72
"(21, 46)",20.72
"(21, 47)",20.72
"(21, 48)",20.72
"(21, 49)",20.72
"(21, 62)",23.8867
"(21, 63)",23.8867
"(21, 64)",23.8533
"(21, 65)",23.8867
"(21, 66)",23.8867
"(21, 67)",23.8533
"(21, 68)",23.8867
"(21, 69)",23.8867
"(21, 70)",23.8533
"(21, 71)",21.8367
"(21, 72)",21.8367
"(21, 73)",21.8367
"(21, 74)",21.8367
"(21, 75)",21.8367
"(21, 96)",0.0
"(21, 97)",0.0
"(21, 98)",0.0
"(22, 0)",0.0
"(22, 1)",13.8983
"(22, 2)",13.8983
"(22, 3)",13.8983
"(22, 4)",13.8983
"(22, 5)",13.8983
"(22, 17)",23.7383
"(22, 18)",23.7383
"(22, 19)",0.0
"(22, 20)",23.7383
"(22, 21)",23.7383
"(22, 22)",0.0
"(22, 23)",23.7383
"(22, 24)",23.7383
"(22, 25)",0.0
"(22, 26)",23.7383
"(22, 27)",23.7383
"(22, 28)",22.28
"(22, 29)",22.28
"(22, 30)",22.28
"(22, 31)",22.28
"(22, 32)",22.28
"(22, 33)",0.0
"(22, 34)",16.8933
"(22, 35)",16.8933
"(22, 36)",16.8933
"(22, 37)",0.0
"(22, 38)",0.0
"(22, 39)",16.8933
"(22, 40)",16.8933
"(22, 41)",16.8933
"(22, 42)",0.0
"(22, 43)",11.2267
"(22, 44)",11.2267
"(22, 45)",4.595
"(22, 46)",4.595
"(22, 47)",4.595
"(22, 48)",4.595
"(22, 49)",4.595
"(22, 62)",9.9617
"(22, 63)",9.9617
"(22, 64)",0.0
"(22, 65)",9.9617
"(22, 66)",9.9617
"(22, 67)",0.0
"(22, 68)",9.9617
"(22, 69)",9.9617
"(22, 70)",0.0
"(22, 71)",7.37
"(22, 72)",7.37
"(22, 73)",7.37
"(22, 74)",7.37
"(22, 75)",7.37
"(22, 96)",23.7383
"(22, 97)",23.7383
"(22, 98)",23.7383
"(23, 0)",23.8533
"(23, 1)",12.315
"(23, 2)",12.315
"(23, 3)",12.315
"(23, 4)",12.315
"(23, 5)",12.315
"(23, 17)",0.0
"(23, 18)",0.0
"(23, 19)",23.8533
"(23, 20)",0.0
"(23, 21)",0.0
"(23, 22)",23.8533
"(23, 23)",0.0
"(23, 24)",0.0
"(23, 25)",23.8533
"(23, 26)",0.0
"(23, 27)",0.0
"(23, 28)",6.545
"(23, 29)",6.545
"(23, 30)",6.545
"(23, 31)",6.545
"(23, 32)",6.545
"(23, 33)",23.8533
"(23, 34)",17.3517
"(23, 35)",17.3517
"(23, 36)",17.3517
"(23, 37)",23.8533
"(23, 38)",23.8533
"(23, 39)",17.3517
"(23, 40)",17.3517
"(23, 41)",17.3517
"(23, 42)",23.8533
"(23, 43)",25.94
"(23, 44)",25.94
"(23, 45)",20.72
"(23, 46)",20.72
"(23, 47)",20.72
"(23, 48)",20.72
"(23, 49)",20.72
"(23, 62)",23.8867
"(23, 63)",23.8867
"(23, 64)",23.8533
"(23, 65)",23.8867
"(23, 66)",23.8867
"(23, 67)",23.8533
"(23, 68)",23.8867
"(23, 69)",23.8867
"(23, 70)",23.8533
"(23, 71)",21.8367
"(23, 72)",21.8367
"(23, 73)",21.8367
"(23, 74)",21.8367
"(23, 75)",21.8367
"(23, 96)",0.0
"(23, 97)",0.0
"(23, 98)",0.0
"(24, 0)",23.8533
"(24, 1)",12.315
"(24, 2)",12.315
"(24, 3)",12.315
"(24, 4)",12.315
"(24, 5)",12.315
"(24, 17)",0.0
"(24, 18)",0.0
"(24, 19)",23.8533
"(24, 20)",0.0
"(24, 21)",0.0
"(24, 22)",23.8533
"(24, 23)",0.0
"(24, 24)",0.0
"(24, 25)",23.8533
"(24, 26)",0.0
"(24, 27)",0.0
"(24, 28)",6.545
"(24, 29)",6.545
"(24, 30)",6.545
"(24, 31)",6.545
"(24, 32)",6.545
"(24, 33)",23.8533
"(24, 34)",17.3517
"(24, 35)",17.3517
"(24, 36)",17.3517
"(24, 37)",23.8533
"(24, 38)",23.8533
"(24, 39)",17.3517
"(24, 40)",17.3517
"(24, 41)",17.3517
"(24, 42)",23.8533
"(24, 43)",25.94
"(24, 44)",25.94
"(24, 45)",20.72
"(24, 46)",20.72
"(24, 47)",20.72
"(24, 48)",20.72
"(24, 49)",20.72
"(24, 62)",23.8867
"(24, 63)",23.8867
"(24, 64)",23.8533
"(24, 65)",23.8867
"(24, 66)",23.8867
"(24, 67)",23.8533
"(24, 68)",23.8867
"(24, 69)",23.8867
"(24, 70)",23.8533
"(24, 71)",21.8367
"(24, 72)",21.8367
"(24, 73)",21.8367
"(24, 74)",21.8367
"(24, 75)",21.8367
"(24, 96)",0.0
"(24, 97)",0.0
"(24, 98)",0.0
"(25, 0)",0.0
"(25, 1)",13.8983
"(25, 2)",13.8983
"(25, 3)",13.8983
"(25, 4)",13.8983
"(25, 5)",13.8983
"(25, 17)",23.7383
"(25, 18)",23.7383
"(25, 19)",0.0
"(25, 20)",23.7383
"(25, 21)",23.7383
"(25, 22)",0.0
"(25, 23)",23.7383
"(25, 24)",23.7383
"(25, 25)",0.0
"(25, 26)",23.7383
"(25, 27)",23.7383
"(25, 28)",22.28
"(25, 29)",22.28
"(25, 30)",22.28
"(25, 31)",22.28
"(25, 32)",22.28
"(25, 33)",0.0
"(25, 34)",16.8933
"(25, 35)",16.8933
"(25, 36)",16.8933
"(25, 37)",0.0
"(25, 38)",0.0
"(25, 39)",16.8933
"(25, 40)",16.8933
"(25, 41)",16.8933
"(25, 42)",0.0
"(25, 43)",11.2267
"(25, 44)",11.2267
"(25, 45)",4.595
"(25, 46)",4.595
"(25, 47)",4.595
"(25, 48)",4.595
"(25, 49)",4.595
"(25, 62)",9.9617
"(25, 63)",9.9617
"(25, 64)",0.0
"(25, 65)",9.9617
"(25, 66)",9.9617
"(25, 67)",0.0
"(25, 68)",9.9617
"(25, 69)",9.9617
"(25, 70)",0.0
"(25, 71)",7.37
"(25, 72)",7.37
"(25, 73)",7.37
"(25, 74)",7.37
"(25, 75)",7.37
"(25, 96)",23.7383
"(25, 97)",23.7383
"(25, 98)",23.7383
"(26, 0)",23.8533
"(26, 1)",12.315
"(26, 2)",12.315
"(26, 3)",12.315
"(26, 4)",12.315
"(26, 5)",12.315
"(26, 17)",0.0
"(26, 18)",0.0
"(26, 19)",23.8533
"(26, 20)",0.0
"(26, 21)",0.0
"(26, 22)",23.8533
"(26, 23)",0.0
"(26, 24)",0.0
"(26, 25)",23.8533
"(26, 26)",0.0
"(26, 27)",0.0
"(26, 28)",6.545
"(26, 29)",6.545
"(26, 30)",6.545
"(26, 31)",6.545
"(26, 32)",6.545
"(26, 33)",23.8533
"(26, 34)",17.3517
"(26, 35)",17.3517
"(26, 36)",17.3517
"(26, 37)",23.8533
"(26, 38)",23.8533
"(26, 39)",17.3517
"(26, 40)",17.3517
"(26, 41)",17.3517
"(26, 42)",23.8533
"(26, 43)",25.94
"(26, 44)",25.94
"(26, 45)",20.72
"(26, 46)",20.72
"(26, 47)",20.72
"(26, 48)",20.72
"(26, 49)",20.72
"(26, 62)",23.8867
"(26, 63)",23.8867
"(26, 64)",23.8533
"(26, 65)",23.8867
"(26, 66)",23.8867
"(26, 67)",23.8533
"(26, 68)",23.8867
"(26, 69)",23.8867
"(26, 70)",23.8533
"(26, 71)",21.8367
"(26, 72)",21.8367
"(26, 73)",21.8367
"(26, 74)",21.8367
"(26, 75)",21.8367
"(26, 96)",0.0
"(26, 97)",0.0
"(26, 98)",0.0
"(27, 0)",23.8533
"(27, 1)",12.315
"(27, 2)",12.315
"(27, 3)",12.315
"(27, 4)",12.315
"(27, 5)",12.315
"(27, 17)",0.0
"(27, 18)",0.0
"(27, 19)",23.8533
"(27, 20)",0.0
"(27, 21)",0.0
"(27, 22)",23.8533
"(27, 23)",0.0
"(27, 24)",0.0
"(27, 25)",23.8533
"(27, 26)",0.0
"(27, 27)",0.0
"(27, 28)",6.545
"(27, 29)",6.545
"(27, 30)",6.545
"(27, 31)",6.545
"(27, 32)",6.545
"(27, 33)",23.8533
"(27, 34)",17.3517
"(27, 35)",17.3517
"(27, 36)",17.3517
"(27, 37)",23.8533
"(27, 38)",23.8533
"(27, 39)",17.3517
"(27, 40)",17.3517
"(27, 41)",17.3517
"(27, 42)",23.8533
"(27, 43)",25.94
"(27, 44)",25.94
"(27, 45)",20.72
"(27, 46)",20.72
"(27, 47)",20.72
"(27, 48)",20.72
"(27, 49)",20.72
"(27, 62)",23.8867
"(27, 63)",23.8867
"(27, 64)",23.8533
"(27, 65)",23.8867
"(27, 66)",23.8867
"(27, 67)",23.8533
"(27, 68)",23.8867
"(27, 69)",23.8867
"(27, 70)",23.8533
"(27, 71)",21.8367
"(27, 72)",21.8367
"(27, 73)",21.8367
"(27, 74)",21.8367
"(27, 75)",21.8367
"(27, 96)",0.0
"(27, 97)",0.0
"(27, 98)",0.0
"(28, 0)",22.1583
"(28, 1)",10.62
"(28, 2)",10.62
"(28, 3)",10.62
"(28, 4)",10.62
"(28, 5)",10.62
"(28, 17)",6.45
"(28, 18)",6.45
"(28, 19)",22.1583
"(28, 20)",6.45
"(28, 21)",6.45
"(28, 22)",22.1583
"(28, 23)",6.45
"(28, 24)",6.45
"(28, 25)",22.1583
"(28, 26)",6.45
"(28, 27)",6.45
"(28, 28)",0.0
"(28, 29)",0.0
"(28, 30)",0.0
"(28, 31)",0.0
"(28, 32)",0.0
"(28, 33)",22.1583
"(28, 34)",15.6567
"(28, 35)",15.6567
"(28, 36)",15.6567
"(28, 37)",22.1583
"(28, 38)",22.1583
"(28, 39)",15.6567
"(28, 40)",15.6567
"(28, 41)",15.6567
"(28, 42)",22.1583
"(28, 43)",24.245
"(28, 44)",24.245
"(28, 45)",19.025
"(28, 46)",19.025
"(28, 47)",19.025
"(28, 48)",19.025
"(28, 49)",19.025
"(28, 62)",22.1917
"(28, 63)",22.1917
"(28, 64)",22.1583
"(28, 65)",22.1917
"(28, 66)",22.1917
"(28, 67)",22.1583
"(28, 68)",22.1917
"(28, 69)",22.1917
"(28, 70)",22.1583
"(28, 71)",20.1417
"(28, 72)",20.1417
"(28, 73)",20.1417
"(28, 74)",20.1417
"(28, 75)",20.1417
"(28, 96)",6.45
"(28, 97)",6.45
"(28, 98)",6.45
"(29, 0)",22.1583
"(29, 1)",10.62
"(29, 2)",10.62
"(29, 3)",10.62
"(29, 4)",10.62
"(29, 5)",10.62
"(29, 17)",6.45
"(29, 18)",6.45
"(29, 19)",22.1583
"(29, 20)",6.45
"(29, 21)",6.45
"(29, 22)",22.1583
"(29, 23)",6.45
"(29, 24)",6.45
"(29, 25)",22.1583
"(29, 26)",6.45
"(29, 27)",6.45
"(29, 28)",0.0
"(29, 29)",0.0
"(29, 30)",0.0
"(29, 31)",0.0
"(29, 32)",0.0
"(29, 33)",22.1583
"(29, 34)",15.6567
"(29, 35)",15.6567
"(29, 36)",15.6567
"(29, 37)",22.1583
"(29, 38)",22.1583
"(29, 39)",15.6567
"(29, 40)",15.6567
"(29, 41)",15.6567
"(29, 42)",22.1583
"(29, 43)",24.245
"(29, 44)",24.245
"(29, 45)",19.025
"(29, 46)",19.025
"(29, 47)",19.025
"(29, 48)",19.025
"(29, 49)",19.025
"(29, 62)",22.1917
"(29, 63)",22.1917
"(29, 64)",22.1583
"(29, 65)",22.1917
"(29, 66)",22.1917
"(29, 67)",22.1583
"(29, 68)",22.1917
"(29, 69)",22.1917
"(29, 70)",22.1583
"(29, 71)",20.1417
"(29, 72)",20.1417
"(29, 73)",20.1417
"(29, 74)",20.1417
"(29, 75)",20.1417
"(29, 96)",6.45
"(29, 97)",6.45
"(29, 98)",6.45
"(30, 0)",22.1583
"(30, 1)",10.62
"(30, 2)",10.62
"(30, 3)",10.62
"(30, 4)",10.62
"(30, 5)",10.62
"(30, 17)",6.45
"(30, 18)",6.45
"(30, 19)",22.1583
"(30, 20)",6.45
"(30, 21)",6.45
"(30, 22)",22.1583
"(30, 23)",6.45
"(30, 24)",6.45
"(30, 25)",22.1583
"(30, 26)",6.45
"(30, 27)",6.45
"(30, 28)",0.0
"(30, 29)",0.0
"(30, 30)",0.0
"(30, 31)",0.0
"(30, 32)",0.0
"(30, 33)",22.1583
"(30, 34)",15.6567
"(30, 35)",15.6567
"(30, 36)",15.6567
"(30, 37)",22.1583
"(30, 38)",22.1583
"(30, 39)",15.6567
"(30, 40)",15.6567
"(30, 41)",15.6567
"(30, 42)",22.1583
"(30, 43)",24.245
"(30, 44)",24.245
"(30, 45)",19.025
"(30, 46)",19.025
"(30, 47)",19.025
"(30, 48)",19.025
"(30, 49)",19.025
"(30, 62)",22.1917
"(30, 63)",22.1917
"(30, 64)",22.1583
"(30, 65)",22.1917
"(30, 66)",22.1917
"(30, 67)",22.1583
"(30, 68)",22.1917
"(30, 69)",22.1917
"(30, 70)",22.1583
"(30, 71)",20.1417
"(30, 72)",20.1417
"(30, 73)",20.1417
"(30, 74)",20.1417
"(30, 75)",20.1417
"(30, 96)",6.45
"(30, 97)",6.45
"(30, 98)",6.45
"(31, 0)",22.1583
"(31, 1)",10.62
"(31, 2)",10.62
"(31, 3)",10.62
"(31, 4)",10.62
"(31, 5)",10.62
"(31, 17)",6.45
"(31, 18)",6.45
"(31, 19)",22.1583
"(31, 20)",6.45
"(31, 21)",6.45
"(31, 22)",22.1583
"(31, 23)",6.45
"(31, 24)",6.45
"(31, 25)",22.1583
"(31, 26)",6.45
"(31, 27)",6.45
"(31, 28)",0.0
"(31, 29)",0.0
"(31, 30)",0.0
"(31, 31)",0.0
"(31, 32)",0.0
"(31, 33)",22.1583
"(31, 34)",15.6567
"(31, 35)",15.6567
"(31, 36)",15.6567
"(31, 37)",22.1583
"(31, 38)",22.1583
"(31, 39)",15.6567
"(31, 40)",15.6567
"(31, 41)",15.6567
"(31, 42)",22.1583
"(31, 43)",24.245
"(31, 44)",24.245
"(31, 45)",19.025
"(31, 46)",19.025
"(31, 47)",19.025
"(31, 48)",19.025
"(31, 49)",19.025
"(31, 62)",22.1917
"(31, 63)",22.1917
"(31, 64)",22.1583
"(31, 65)",22.1917
"(31, 66)",22.1917
"(31, 67)",22.1583
"(31, 68)",22.1917
"(31, 69)",22.1917
"(31, 70)",22.1583
"(31, 71)",20.1417
"(31, 72)",20.1417
"(31, 73)",20.1417
"(31, 74)",20.1417
"(31, 75)",20.1417
"(31, 96)",6.45
"(31, 97)",6.45
"(31, 98)",6.45
"(32, 0)",22.1583
"(32, 1)",10.62
"(32, 2)",10.62
"(32, 3)",10.62
"(32, 4)",10.62
"(32, 5)",10.62
"(32, 17)",6.45
"(32, 18)",6.45
"(32, 19)",22.1583
"(32, 20)",6.45
"(32, 21)",6.45
"(32, 22)",22.1583
"(32, 23)",6.45
"(32, 24)",6.45
"(32, 25)",22.1583
"(32, 26)",6.45
"(32, 27)",6.45
"(32, 28)",0.0
"(32, 29)",0.0
"(32, 30)",0.0
"(32, 31)",0.0
"(32, 32)",0.0
"(32, 33)",22.1583
"(32, 34)",15.6567
"(32, 35)",15.6567
"(32, 36)",15.6567
"(32, 37)",22.1583
"(32, 38)",22.1583
"(32, 39)",15.6567
"(32, 40)",15.6567
"(32, 41)",15.6567
"(32, 42)",22.1583
"(32, 43)",24.245
"(32, 44)",24.245
"(32, 45)",19.025
"(32, 46)",19.025
"(32, 47)",19.025
"(32, 48)",19.025
"(32, 49)",19.025
"(32, 62)",22.1917
"(32, 63)",22.1917
"(32, 64)",22.1583
"(32, 65)",22.1917
"(32, 66)",22.1917
"(32, 67)",22.1583
"(32, 68)",22.1917
"(32, 69)",22.1917
"(32, 70)",22.1583
"(32, 71)",20.1417
"(32, 72)",20.1417
"(32, 73)",20.1417
"(32, 74)",20.1417
"(32, 75)",20.1417
"(32, 96)",6.45
"(32, 97)",6.45
"(32, 98)",6.45
"(33, 0)",0.0
"(33, 1)",13.8983
"(33, 2)",13.8983
"(33, 3)",13.8983
"(33, 4)",13.8983
"(33, 5)",13.8983
"(33, 17)",23.7383
"(33, 18)",23.7383
"(33, 19)",0.0
"(33, 20)",23.7383
"(33, 21)",23.7383
"(33, 22)",0.0
"(33, 23)",23.7383
"(33, 24)",23.7383
"(33, 25)",0.0
"(33, 26)",23.7383
"(33, 27)",23.7383
"(33, 28)",22.28
"(33, 29)",22.28
"(33, 30)",22.28
"(33, 31)",22.28
"(33, 32)",22.28
"(33, 33)",0.0
"(33, 34)",16.8933
"(33, 35)",16.8933
"(33, 36)",16.8933
"(33, 37)",0.0
"(33, 38)",0.0
"(33, 39)",16.8933
"(33, 40)",16.8933
"(33, 41)",16.8933
"(33, 42)",0.0
"(33, 43)",11.2267
"(33, 44)",11.2267
"(33, 45)",4.595
"(33, 46)",4.595
"(33, 47)",4.595
"(33, 48)",4.595
"(33, 49)",4.595
"(33, 62)",9.9617
"(33, 63)",9.9617
"(33, 64)",0.0
"(33, 65)",9.9617
"(33, 66)",9.9617
"(33, 67)",0.0
"(33, 68)",9.9617
"(33, 69)",9.9617
"(33, 70)",0.0
"(33, 71)",7.37
"(33, 72)",7.37
"(33, 73)",7.37
"(33, 74)",7.37
"(33, 75)",7.37
"(33, 96)",23.7383
"(33, 97)",23.7383
"(33, 98)",23.7383
"(34, 0)",16.5217
"(34, 1)",8.7983
"(34, 2)",8.7983
"(34, 3)",8.7983
"(34, 4)",8.7983
"(34, 5)",8.7983
"(34, 17)",17.06
"(34, 18)",17.06
"(34, 19)",16.5217
"(34, 20)",17.06
"(34, 21)",17.06
"(34, 22)",16.5217
"(34, 23)",17.06
"(34, 24)",17.06
"(34, 25)",16.5217
"(34, 26)",17.06
"(34, 27)",17.06
"(34, 28)",15.6017
"(34, 29)",15.6017
"(34, 30)",15.6017
"(34, 31)",15.6017
"(34, 32)",15.6017
"(34, 33)",16.5217
"(34, 34)",0.0
"(34, 35)",0.0
"(34, 36)",0.0
"(34, 37)",16.5217
"(34, 38)",16.5217
"(34, 39)",0.0
"(34, 40)",0.0
"(34, 41)",0.0
"(34, 42)",16.5217
"(34, 43)",22.2367
"(34, 44)",22.2367
"(34, 45)",17.0167
"(34, 46)",17.0167
"(34, 47)",17.0167
"(34, 48)",17.0167
"(34, 49)",17.0167
"(34, 62)",20.1833
"(34, 63)",20.1833
"(34, 64)",16.5217
"(34, 65)",20.1833
"(34, 66)",20.1833
"(34, 67)",16.5217
"(34, 68)",20.1833
"(34, 69)",20.1833
"(34, 70)",16.5217
"(34, 71)",18.1333
"(34, 72)",18.1333
"(34, 73)",18.1333
"(34, 74)",18.1333
"(34, 75)",18.1333
"(34, 96)",17.06
"(34, 97)",17.06
"(34, 98)",17.06
"(35, 0)",16.5217
"(35, 1)",8.7983
"(35, 2)",8.7983
"(35, 3)",8.7983
"(35, 4)",8.7983
"(35, 5)",8.7983
"(35, 17)",17.06
"(35, 18)",17.06
"(35, 19)",16.5217
"(35, 20)",17.06
"(35, 21)",17.06
"(35, 22)",16.5217
"(35, 23)",17.06
"(35, 24)",17.06
"(35, 25)",16.5217
"(35, 26)",17.06
"(35, 27)",17.06
"(35, 28)",15.6017
"(35, 29)",15.6017
"(35, 30)",15.6017
"(35, 31)",15.6017
"(35, 32)",15.6017
"(35, 33)",16.5217
"(35, 34)",0.0
"(35, 35)",0.0
"(35, 36)",0.0
"(35, 37)",16.5217
"(35, 38)",16.5217
"(35, 39)",0.0
"(35, 40)",0.0
"(35, 41)",0.0
"(35, 42)",16.5217
"(35, 43)",22.2367
"(35, 44)",22.2367
"(35, 45)",17.0167
"(35, 46)",17.0167
"(35, 47)",17.0167
"(35, 48)",17.0167
"(35, 49)",17.0167
"(35, 62)",20.1833
"(35, 63)",20.1833
"(35, 64)",16.5217
"(35, 65)",20.1833
"(35, 66)",20.1833
"(35, 67)",16.5217
"(35, 68)",20.1833
"(35, 69)",20.1833
"(35, 70)",16.5217
"(35, 71)",18.1333
"(35, 72)",18.1333
"(35, 73)",18.1333
"(35, 74)",18.1333
"(35, 75)",18.1333
"(35, 96)",17.06
"(35, 97)",17.06
"(35, 98)",17.06
"(36, 0)",16.5217
"(36, 1)",8.7983
"(36, 2)",8.7983
"(36, 3)",8.7983
"(36, 4)",8.7983
"(36, 5)",8.7983
"(36, 17)",17.06
"(36, 18)",17.06
"(36, 19)",16.5217
"(36, 20)",17.06
"(36, 21)",17.06
"(36, 22)",16.5217
"(36, 23)",17.06
"(36, 24)",17.06
"(36, 25)",16.5217
"(36, 26)",17.06
"(36, 27)",17.06
"(36, 28)",15.6017
"(36, 29)",15.6017
"(36, 30)",15.6017
"(36, 31)",15.6017
"(36, 32)",15.6017
"(36, 33)",16.5217
"(36, 34)",0.0
"(36, 35)",0.0
"(36, 36)",0.0
"(36, 37)",16.5217
"(36, 38)",16.5217
"(36, 39)",0.0
"(36, 40)",0.0
"(36, 41)",0.0
"(36, 42)",16.5217
"(36, 43)",22.2367
"(36, 44)",22.2367
"(36, 45)",17.0167
"(36, 46)",17.0167
"(36, 47)",17.0167
"(36, 48)",17.0167
"(36, 49)",17.0167
"(36, 62)",20.1833
"(36, 63)",20.1833
"(36, 64)",16.5217
"(36, 65)",20.1833
"(36, 66)",20.1833
"(36, 67)",16.5217
"(36, 68)",20.1833
"(36, 69)",20.1833
"(36, 70)",16.5217
"(36, 71)",18.1333
"(36, 72)",18.1333
"(36, 73)",18.1333
"(36, 74)",18.1333
"(36, 75)",18.1333
"(36, 96)",17.06
"(36, 97)",17.06
"(36, 98)",17.06
"(37, 0)",0.0
"(37, 1)",13.8983
"(37, 2)",13.8983
"(37, 3)",13.8983
"(37, 4)",13.8983
"(37, 5)",13.8983
"(37, 17)",23.7383
"(37, 18)",23.7383
"(37, 19)",0.0
"(37, 20)",23.7383
"(37, 21)",23.7383
"(37, 22)",0.0
"(37, 23)",23.7383
"(37, 24)",23.7383
"(37, 25)",0.0
"(37, 26)",23.7383
"(37, 27)",23.7383
"(37, 28)",22.28
"(37, 29)",22.28
"(37, 30)",22.28
"(37, 31)",22.28
"(37, 32)",22.28
"(37, 33)",0.0
"(37, 34)",16.8933
"(37, 35)",16.8933
"(37, 36)",16.8933
"(37, 37)",0.0
"(37, 38)",0.0
"(37, 39)",16.8933
"(37, 40)",16.8933
"(37, 41)",16.8933
"(37, 42)",0.0
"(37, 43)",11.2267
"(37, 44)",11.2267
"(37, 45)",4.595
"(37, 46)",4.595
"(37, 47)",4.595
"(37, 48)",4.595
"(37, 49)",4.595
"(37, 62)",9.9617
"(37, 63)",9.9617
"(37, 64)",0.0
"(37, 65)",9.9617
"(37, 66)",9.9617
"(37, 67)",0.0
"(37, 68)",9.9617
"(37, 69)",9.9617
"(37, 70)",0.0
"(37, 71)",7.37
"(37, 72)",7.37
"(37, 73)",7.37
"(37, 74)",7.37
"(37, 75)",7.37
"(37, 96)",23.7383
"(37, 97)",23.7383
"(37, 98)",23.7383
"(38, 0)",0.0
"(38, 1)",13.8983
"(38, 2)",13.8983
"(38, 3)",13.8983
"(38, 4)",13.8983
"(38, 5)",13.8983
"(38, 17)",23.7383
"(38, 18)",23.7383
"(38, 19)",0.0
"(38, 20)",23.7383
"(38, 21)",23.7383
"(38, 22)",0.0
"(38, 23)",23.7383
"(38, 24)",23.7383
"(38, 25)",0.0
"(38, 26)",23.7383
"(38, 27)",23.7383
"(38, 28)",22.28
"(38, 29)",22.28
"(38, 30)",22.28
"(38, 31)",22.28
"(38, 32)",22.28
"(38, 33)",0.0
"(38, 34)",16.8933
"(38, 35)",16.8933
"(38, 36)",16.8933
"(38, 37)",0.0
"(38, 38)",0.0
"(38, 39)",16.8933
"(38, 40)",16.8933
"(38, 41)",16.8933
"(38, 42)",0.0
"(38, 43)",11.2267
"(38, 44)",11.2267
"(38, 45)",4.595
"(38, 46)",4.595
"(38, 47)",4.595
"(38, 48)",4.595
"(38, 49)",4.595
"(38, 62)",9.9617
"(38, 63)",9.9617
"(38, 64)",0.0
"(38, 65)",9.9617
"(38, 66)",9.9617
"(38, 67)",0.0
"(38, 68)",9.9617
"(38, 69)",9.9617
"(38, 70)",0.0
"(38, 71)",7.37
"(38, 72)",7.37
"(38, 73)",7.37
"(38, 74)",7.37
"(38, 75)",7.37
"(38, 96)",23.7383
"(38, 97)",23.7383
"(38, 98)",23.7383
"(39, 0)",16.5217
"(39, 1)",8.7983
"(39, 2)",8.7983
"(39, 3)",8.7983
"(39, 4)",8.7983
"(39, 5)",8.7983
"(39, 17)",17.06
"(39, 18)",17.06
"(39, 19)",16.5217
"(39, 20)",17.06
"(39, 21)",17.06
"(39, 22)",16.5217
"(39, 23)",17.06
"(39, 24)",17.06
"(39, 25)",16.5217
"(39, 26)",17.06
"(39, 27)",17.06
"(39, 28)",15.6017
"(39, 29)",15.6017
"(39, 30)",15.6017
"(39, 31)",15.6017
"(39, 32)",15.6017
"(39, 33)",16.5217
"(39, 34)",0.0
"(39, 35)",0.0
"(39, 36)",0.0
"(39, 37)",16.5217
"(39, 38)",16.5217
"(39, 39)",0.0
"(39, 40)",0.0
"(39, 41)",0.0
"(39, 42)",16.5217
"(39, 43)",22.2367
"(39, 44)",22.2367
"(39, 45)",17.0167
"(39, 46)",17.0167
"(39, 47)",17.0167
"(39, 48)",17.0167
"(39, 49)",17.0167
"(39, 62)",20.1833
"(39, 63)",20.1833
"(39, 64)",16.5217
"(39, 65)",20.1833
"(39, 66)",20.1833
"(39, 67)",16.5217
"(39, 68)",20.1833
"(39, 69)",20.1833
"(39, 70)",16.5217
"(39, 71)",18.1333
"(39, 72)",18.1333
"(39, 73)",18.1333
"(39, 74)",18.1333
"(39, 75)",18.1333
"(39, 96)",17.06
"(39, 97)",17.06
"(39, 98)",17.06
"(40, 0)",16.5217
"(40, 1)",8.7983
"(40, 2)",8.7983
"(40, 3)",8.7983
"(40, 4)",8.7983
"(40, 5)",8.7983
"(40, 17)",17.06
"(40, 18)",17.06
"(40, 19)",16.5217
"(40, 20)",17.06
"(40, 21)",17.06
"(40, 22)",16.5217
"(40, 23)",17.06
"(40, 24)",17.06
"(40, 25)",16.5217
"(40, 26)",17.06
"(40, 27)",17.06
"(40, 28)",15.6017
"(40, 29)",15.6017
"(40, 30)",15.6017
"(40, 31)",15.6017
"(40, 32)",15.6017
"(40, 33)",16.5217
"(40, 34)",0.0
"(40, 35)",0.0
"(40, 36)",0.0
"(40, 37)",16.5217
"(40, 38)",16.5217
"(40, 39)",0.0
"(40, 40)",0.0
"(40, 41)",0.0
"(40, 42)",16.5217
"(40, 43)",22.2367
"(40, 44)",22.2367
"(40, 45)",17.0167
"(40, 46)",17.0167
"(40, 47)",17.0167
"(40, 48)",17.0167
"(40, 49)",17.0167
"(40, 62)",20.1833
"(40, 63)",20.1833
"(40, 64)",16.5217
"(40, 65)",20.1833
"(40, 66)",20.1833
"(40, 67)",16.5217
"(40, 68)",20.1833
"(40, 69)",20.1833
"(40, 70)",16.5217
"(40, 71)",18.1333
"(40, 72)",18.1333
"(40, 73)",18.1333
"(40, 74)",18.1333
"(40, 75)",18.1333
"(40, 96)",17.06
"(40, 97)",17.06
"(40, 98)",17.06
"(41, 0)",16.5217
"(41, 1)",8.7983
"(41, 2)",8.7983
"(41, 3)",8.7983
"(41, 4)",8.7983
"(41, 5)",8.7983
"(41, 17)",17.06
"(41, 18)",17.06
"(41, 19)",16.5217
"(41, 20)",17.06
"(41, 21)",17.06
"(41, 22)",16.5217
"(41, 23)",17.06
"(41, 24)",17.06
"(41, 25)",16.5217
"(41, 26)",17.06
"(41, 27)",17.06
"(41, 28)",15.6017
"(41, 29)",15.6017
"(41, 30)",15.6017
"(41, 31)",15.6017
"(41, 32)",15.6017
"(41, 33)",16.5217
"(41, 34)",0.0
"(41, 35)",0.0
"(41, 36)",0.0
"(41, 37)",16.5217
"(41, 38)",16.5217
"(41, 39)",0.0
"(41, 40)",0.0
"(41, 41)",0.0
"(41, 42)",16.5217
"(41, 43)",22.2367
"(41, 44)",22.2367
"(41, 45)",17.0167
"(41, 46)",17.0167
"(41, 47)",17.0167
"(41, 48)",17.0167
"(41, 49)",17.0167
"(41, 62)",20.1833
"(41, 63)",20.1833
"(41, 64)",16.5217
"(41, 65)",20.1833
"(41, 66)",20.1833
"(41, 67)",16.5217
"(41, 68)",20.1833
"(41, 69)",20.1833
"(41, 70)",16.5217
"(41, 71)",18.1333
"(41, 72)",18.1333
"(41, 73)",18.1333
"(41, 74)",18.1333
"(41, 75)",18.1333
"(41, 96)",17.06
"(41, 97)",17.06
"(41, 98)",17.06
"(42, 0)",0.0
"(42, 1)",13.8983
"(42, 2)",13.8983
"(42, 3)",13.8983
"(42, 4)",13.8983
"(42, 5)",13.8983
"(42, 17)",23.7383
"(42, 18)",23.7383
"(42, 19)",0.0
"(42, 20)",23.7383
"(42, 21)",23.7383
"(42, 22)",0.0
"(42, 23)",23.7383
"(42, 24)",23.7383
"(42, 25)",0.0
"(42, 26)",23.7383
"(42, 27)",23.7383
"(42, 28)",22.28
"(42, 29)",22.28
"(42, 30)",22.28
"(42, 31)",22.28
"(42, 32)",22.28
"(42, 33)",0.0
"(42, 34)",16.8933
"(42, 35)",16.8933
"(42, 36)",16.8933
"(42, 37)",0.0
"(42, 38)",0.0
"(42, 39)",16.8933
"(42, 40)",16.8933
"(42, 41)",16.8933
"(42, 42)",0.0
"(42, 43)",11.2267
"(42, 44)",11.2267
"(42, 45)",4.595
"(42, 46)",4.595
"(42, 47)",4.595
"(42, 48)",4.595
"(42, 49)",4.595
"(42, 62)",9.9617
"(42, 63)",9.9617
"(42, 64)",0.0
"(42, 65)",9.9617
"(42, 66)",9.9617
"(42, 67)",0.0
"(42, 68)",9.9617
"(42, 69)",9.9617
"(42, 70)",0.0
"(42, 71)",7.37
"(42, 72)",7.37
"(42, 73)",7.37
"(42, 74)",7.37
"(42, 75)",7.37
"(42, 96)",23.7383
"(42, 97)",23.7383
"(42, 98)",23.7383
"(43, 0)",11.2483
"(43, 1)",15.67
"(43, 2)",15.67
"(43, 3)",15.67
"(43, 4)",15.67
"(43, 5)",15.67
"(43, 17)",25.6117
"(43, 18)",25.6117
"(43, 19)",11.2483
"(43, 20)",25.6117
"(43, 21)",25.6117
"(43, 22)",11.2483
"(43, 23)",25.6117
"(43, 24)",25.6117
"(43, 25)",11.2483
"(43, 26)",25.6117
"(43, 27)",25.6117
"(43, 28)",24.1533
"(43, 29)",24.1533
"(43, 30)",24.1533
"(43, 31)",24.1533
"(43, 32)",24.1533
"(43, 33)",11.2483
"(43, 34)",21.495
"(43, 35)",21.495
"(43, 36)",21.495
"(43, 37)",11.2483
"(43, 38)",11.2483
"(43, 39)",21.495
"(43, 40)",21.495
"(43, 41)",21.495
"(43, 42)",11.2483
"(43, 43)",0.0
"(43, 44)",0.0
"(43, 45)",9.93
"(43, 46)",9.93
"(43, 47)",9.93
"(43, 48)",9.93
"(43, 49)",9.93
"(43, 62)",9.2567
"(43, 63)",9.2567
"(43, 64)",11.2483
"(43, 65)",9.2567
"(43, 66)",9.2567
"(43, 67)",11.2483
"(43, 68)",9.2567
"(43, 69)",9.2567
"(43, 70)",11.2483
"(43, 71)",5.0767
"(43, 72)",5.0767
"(43, 73)",5.0767
"(43, 74)",5.0767
"(43, 75)",5.0767
"(43, 96)",25.6117
"(43, 97)",25.6117
"(43, 98)",25.6117
"(44, 0)",11.2483
"(44, 1)",15.67
"(44, 2)",15.67
"(44, 3)",15.67
"(44, 4)",15.67
"(44, 5)",15.67
"(44, 17)",25.6117
"(44, 18)",25.6117
"(44, 19)",11.2483
"(44, 20)",25.6117
"(44, 21)",25.6117
"(44, 22)",11.2483
"(44, 23)",25.6117
"(44, 24)",25.6117
"(44, 25)",11.2483
"(44, 26)",25.6117
"(44, 27)",25.6117
"(44, 28)",24.1533
"(44, 29)",24.1533
"(44, 30)",24.1533
"(44, 31)",24.1533
"(44, 32)",24.1533
"(44, 33)",11.2483
"(44, 34)",21.495
"(44, 35)",21.495
"(44, 36)",21.495
"(44, 37)",11.2483
"(44, 38)",11.2483
"(44, 39)",21.495
"(44, 40)",21.495
"(44, 41)",21.495
"(44, 42)",11.2483
"(44, 43)",0.0
"(44, 44)",0.0
"(44, 45)",9.93
"(44, 46)",9.93
"(44, 47)",9.93
"(44, 48)",9.93
"(44, 49)",9.93
"(44, 62)",9.2567
"(44, 63)",9.2567
"(44, 64)",11.2483
"(44, 65)",9.2567
"(44, 66)",9.2567
"(44, 67)",11.2483
"(44, 68)",9.2567
"(44, 69)",9.2567
"(44, 70)",11.2483
"(44, 71)",5.0767
"(44, 72)",5.0767
"(44, 73)",5.0767
"(44, 74)",5.0767
"(44, 75)",5.0767
"(44, 96)",25.6117
"(44, 97)",25.6117
"(44, 98)",25.6117
"(45, 0)",4.4983
"(45, 1)",11.0133
"(45, 2)",11.0133
"(45, 3)",11.0133
"(45, 4)",11.0133
"(45, 5)",11.0133
"(45, 17)",20.955
"(45, 18)",20.955
"(45, 19)",4.4983
"(45, 20)",20.955
"(45, 21)",20.955
"(45, 22)",4.4983
"(45, 23)",20.955
"(45, 24)",20.955
"(45, 25)",4.4983
"(45, 26)",20.955
"(45, 27)",20.955
"(45, 28)",19.4967
"(45, 29)",19.4967
"(45, 30)",19.4967
"(45, 31)",19.4967
"(45, 32)",19.4967
"(45, 33)",4.4983
"(45, 34)",16.8383
"(45, 35)",16.8383
"(45, 36)",16.8383
"(45, 37)",4.4983
"(45, 38)",4.4983
"(45, 39)",16.8383
"(45, 40)",16.8383
"(45, 41)",16.8383
"(45, 42)",4.4983
"(45, 43)",9.8283
"(45, 44)",9.8283
"(45, 45)",0.0
"(45, 46)",0.0
"(45, 47)",0.0
"(45, 48)",0.0
"(45, 49)",0.0
"(45, 62)",8.5433
"(45, 63)",8.5433
"(45, 64)",4.4983
"(45, 65)",8.5433
"(45, 66)",8.5433
"(45, 67)",4.4983
"(45, 68)",8.5433
"(45, 69)",8.5433
"(45, 70)",4.4983
"(45, 71)",5.9717
"(45, 72)",5.9717
"(45, 73)",5.9717
"(45, 74)",5.9717
"(45, 75)",5.9717
"(45, 96)",20.955
"(45, 97)",20.955
"(45, 98)",20.955
"(46, 0)",4.4983
"(46, 1)",11.0133
"(46, 2)",11.0133
"(46, 3)",11.0133
"(46, 4)",11.0133
"(46, 5)",11.0133
"(46, 17)",20.955
"(46, 18)",20.955
"(46, 19)",4.4983
"(46, 20)",20.955
"(46, 21)",20.955
"(46, 22)",4.4983
"(46, 23)",20.955
"(46, 24)",20.955
"(46, 25)",4.4983
"(46, 26)",20.955
"(46, 27)",20.955
"(46, 28)",19.4967
"(46, 29)",19.4967
"(46, 30)",19.4967
"(46, 31)",19.4967
"(46, 32)",19.4967
"(46, 33)",4.4983
"(46, 34)",16.8383
"(46, 35)",16.8383
"(46, 36)",16.8383
"(46, 37)",4.4983
"(46, 38)",4.4983
"(46, 39)",16.8383
"(46, 40)",16.8383
"(46, 41)",16.8383
"(46, 42)",4.4983
"(46, 43)",9.8283
"(46, 44)",9.8283
"(46, 45)",0.0
"(46, 46)",0.0
"(46, 47)",0.0
"(46, 48)",0.0
"(46, 49)",0.0
"(46, 62)",8.5433
"(46, 63)",8.5433
"(46, 64)",4.4983
"(46, 65)",8.5433
"(46, 66)",8.5433
"(46, 67)",4.4983
"(46, 68)",8.5433
"(46, 69)",8.5433
"(46, 70)",4.4983
"(46, 71)",5.9717
"(46, 72)",5.9717
"(46, 73)",5.9717
"(46, 74)",5.9717
"(46, 75)",5.9717
"(46, 96)",20.955
"(46, 97)",20.955
"(46, 98)",20.955
"(47, 0)",4.4983
"(47, 1)",11.0133
"(47, 2)",11.0133
"(47, 3)",11.0133
"(47, 4)",11.0133
"(47, 5)",11.0133
"(47, 17)",20.955
"(47, 18)",20.955
"(47, 19)",4.4983
"(47, 20)",20.955
"(47, 21)",20.955
"(47, 22)",4.4983
"(47, 23)",20.955
"(47, 24)",20.955
"(47, 25)",4.4983
"(47, 26)",20.955
"(47, 27)",20.955
"(47, 28)",19.4967
"(47, 29)",19.4967
"(47, 30)",19.4967
"(47, 31)",19.4967
"(47, 32)",19.4967
"(47, 33)",4.4983
"(47, 34)",16.8383
"(47, 35)",16.8383
"(47, 36)",16.8383
"(47, 37)",4.4983
"(47, 38)",4.4983
"(47, 39)",16.8383
"(47, 40)",16.8383
"(47, 41)",16.8383
"(47, 42)",4.4983
"(47, 43)",9.8283
"(47, 44)",9.8283
"(47, 45)",0.0
"(47, 46)",0.0
"(47, 47)",0.0
"(47, 48)",0.0
"(47, 49)",0.0
"(47, 62)",8.5433
"(47, 63)",8.5433
"(47, 64)",4.4983
"(47, 65)",8.5433
"(47, 66)",8.5433
"(47, 67)",4.4983
"(47, 68)",8.5433
"(47, 69)",8.5433
"(47, 70)",4.4983
"(47, 71)",5.9717
"(47, 72)",5.9717
"(47, 73)",5.9717
"(47, 74)",5.9717
"(47, 75)",5.9717
"(47, 96)",20.955
"(47, 97)",20.955
"(47, 98)",20.955
"(48, 0)",4.4983
"(48, 1)",11.0133
"(48, 2)",11.0133
"(48, 3)",11.0133
"(48, 4)",11.0133
"(48, 5)",11.0133
"(48, 17)",20.955
"(48, 18)",20.955
"(48, 19)",4.4983
"(48, 20)",20.955
"(48, 21)",20.955
"(48, 22)",4.4983
"(48, 23)",20.955
"(48, 24)",20.955
"(48, 25)",4.4983
"(48, 26)",20.955
"(48, 27)",20.955
"(48, 28)",19.4967
"(48, 29)",19.4967
"(48, 30)",19.4967
"(48, 31)",19.4967
"(48, 32)",19.4967
"(48, 33)",4.4983
"(48, 34)",16.8383
"(48, 35)",16.8383
"(48, 36)",16.8383
"(48, 37)",4.4983
"(48, 38)",4.4983
"(48, 39)",16.8383
"(48, 40)",16.8383
"(48, 41)",16.8383
"(48, 42)",4.4983
"(48, 43)",9.8283
"(48, 44)",9.8283
"(48, 45)",0.0
"(48, 46)",0.0
"(48, 47)",0.0
"(48, 48)",0.0
"(48, 49)",0.0
"(48, 62)",8.5433
"(48, 63)",8.5433
"(48, 64)",4.4983
"(48, 65)",8.5433
"(48, 66)",8.5433
"(48, 67)",4.4983
"(48, 68)",8.5433
"(48, 69)",8.5433
"(48, 70)",4.4983
"(48, 71)",5.9717
"(48, 72)",5.9717
"(48, 73)",5.9717
"(48, 74)",5.9717
"(48, 75)",5.9717
"(48, 96)",20.955
"(48, 97)",20.955
"(48, 98)",20.955
"(49, 0)",4.4983
"(49, 1)",11.0133
"(49, 2)",11.0133
"(49, 3)",11.0133
"(49, 4)",11.0133
"(49, 5)",11.0133
"(49, 17)",20.955
"(49, 18)",20.955
"(49, 19)",4.4983
"(49, 20)",20.955
"(49, 21)",20.955
"(49, 22)",4.4983
"(49, 23)",20.955
"(49, 24)",20.955
"(49, 25)",4.4983
"(49, 26)",20.955
"(49, 27)",20.955
"(49, 28)",19.4967
"(49, 29)",19.4967
"(49, 30)",19.4967
"(49, 31)",19.4967
"(49, 32)",19.4967
"(49, 33)",4.4983
"(49, 34)",16.8383
"(49, 35)",16.8383
"(49, 36)",16.8383
"(49, 37)",4.4983
"(49, 38)",4.4983
"(49, 39)",16.8383
"(49, 40)",16.8383
"(49, 41)",16.8383
"(49, 42)",4.4983
"(49, 43)",9.8283
"(49, 44)",9.8283
"(49, 45)",0.0
"(49, 46)",0.0
"(49, 47)",0.0
"(49, 48)",0.0
"(49, 49)",0.0
"(49, 62)",8.5433
"(49, 63)",8.5433
"(49, 64)",4.4983
"(49, 65)",8.5433
"(49, 66)",8.5433
"(49, 67)",4.4983
"(49, 68)",8.5433
"(49, 69)",8.5433
"(49, 70)",4.4983
"(49, 71)",5.9717
"(49, 72)",5.9717
"(49, 73)",5.9717
"(49, 74)",5.9717
"(49, 75)",5.9717
"(49, 96)",20.955
"(49, 97)",20.955
"(49, 98)",20.955
"(62, 0)",10.0617
"(62, 1)",13.2917
"(62, 2)",13.2917
"(62, 3)",13.2917
"(62, 4)",13.2917
"(62, 5)",13.2917
"(62, 17)",23.2333
"(62, 18)",23.2333
"(62, 19)",10.0617
"(62, 20)",23.2333
"(62, 21)",23.2333
"(62, 22)",10.0617
"(62, 23)",23.2333
"(62, 24)",23.2333
"(62, 25)",10.0617
"(62, 26)",23.2333
"(62, 27)",23.2333
"(62, 28)",21.775
"(62, 29)",21.775
"(62, 30)",21.775
"(62, 31)",21.775
"(62, 32)",21.775
"(62, 33)",10.0617
"(62, 34)",19.1167
"(62, 35)",19.1167
"(62, 36)",19.1167
"(62, 37)",10.0617
"(62, 38)",10.0617
"(62, 39)",19.1167
"(62, 40)",19.1167
"(62, 41)",19.1167
"(62, 42)",10.0617
"(62, 43)",9.21
"(62, 44)",9.21
"(62, 45)",8.645
"(62, 46)",8.645
"(62, 47)",8.645
"(62, 48)",8.645
"(62, 49)",8.645
"(62, 62)",0.0
"(62, 63)",0.0
"(62, 64)",10.0617
"(62, 65)",0.0
"(62, 66)",0.0
"(62, 67)",10.0617
"(62, 68)",0.0
"(62, 69)",0.0
"(62, 70)",10.0617
"(62, 71)",5.1067
"(62, 72)",5.1067
"(62, 73)",5.1067
"(62, 74)",5.1067
"(62, 75)",5.1067
"(62, 96)",23.2333
"(62, 97)",23.2333
"(62, 98)",23.2333
"(63, 0)",10.0617
"(63, 1)",13.2917
"(63, 2)",13.2917
"(63, 3)",13.2917
"(63, 4)",13.2917
"(63, 5)",13.2917
"(63, 17)",23.2333
"(63, 18)",23.2333
"(63, 19)",10.0617
"(63, 20)",23.2333
"(63, 21)",23.2333
"(63, 22)",10.0617
"(63, 23)",23.2333
"(63, 24)",23.2333
"(63, 25)",10.0617
"(63, 26)",23.2333
"(63, 27)",23.2333
"(63, 28)",21.775
"(63, 29)",21.775
"(63, 30)",21.775
"(63, 31)",21.775
"(63, 32)",21.775
"(63, 33)",10.0617
"(63, 34)",19.1167
"(63, 35)",19.1167
"(63, 36)",19.1167
"(63, 37)",10.0617
"(63, 38)",10.0617
"(63, 39)",19.1167
"(63, 40)",19.1167
"(63, 41)",19.1167
"(63, 42)",10.0617
"(63, 43)",9.21
"(63, 44)",9.21
"(63, 45)",8.645
"(63, 46)",8.645
"(63, 47)",8.645
"(63, 48)",8.645
"(63, 49)",8.645
"(63, 62)",0.0
"(63, 63)",0.0
"(63, 64)",10.0617
"(63, 65)",0.0
"(63, 66)",0.0
"(63, 67)",10.0617
"(63, 68)",0.0
"(63, 69)",0.0
"(63, 70)",10.0617
"(63, 71)",5.1067
"(63, 72)",5.1067
"(63, 73)",5.1067
"(63, 74)",5.1067
"(63, 75)",5.1067
"(63, 96)",23.2333
"(63, 97)",23.2333
"(63, 98)",23.2333
"(64, 0)",0.0
"(64, 1)",13.8983
"(64, 2)",13.8983
"(64, 3)",13.8983
"(64, 4)",13.8983
"(64, 5)",13.8983
"(64, 17)",23.7383
"(64, 18)",23.7383
"(64, 19)",0.0
"(64, 20)",23.7383
"(64, 21)",23.7383
"(64, 22)",0.0
"(64, 23)",23.7383
"(64, 24)",23.7383
"(64, 25)",0.0
"(64, 26)",23.7383
"(64, 27)",23.7383
"(64, 28)",22.28
"(64, 29)",22.28
"(64, 30)",22.28
"(64, 31)",22.28
"(64, 32)",22.28
"(64, 33)",0.0
"(64, 34)",16.8933
"(64, 35)",16.8933
"(64, 36)",16.8933
"(64, 37)",0.0
"(64, 38)",0.0
"(64, 39)",16.8933
"(64, 40)",16.8933
"(64, 41)",16.8933
"(64, 42)",0.0
"(64, 43)",11.2267
"(64, 44)",11.2267
"(64, 45)",4.595
"(64, 46)",4.595
"(64, 47)",4.595
"(64, 48)",4.595
"(64, 49)",4.595
"(64, 62)",9.9617
"(64, 63)",9.9617
"(64, 64)",0.0
"(64, 65)",9.9617
"(64, 66)",9.9617
"(64, 67)",0.0
"(64, 68)",9.9617
"(64, 69)",9.9617
"(64, 70)",0.0
"(64, 71)",7.37
"(64, 72)",7.37
"(64, 73)",7.37
"(64, 74)",7.37
"(64, 75)",7.37
"(64, 96)",23.7383
"(64, 97)",23.7383
"(64, 98)",23.7383
"(65, 0)",10.0617
"(65, 1)",13.2917
"(65, 2)",13.2917
"(65, 3)",13.2917
"(65, 4)",13.2917
"(65, 5)",13.2917
"(65, 17)",23.2333
"(65, 18)",23.2333
"(65, 19)",10.0617
"(65, 20)",23.2333
"(65, 21)",23.2333
"(65, 22)",10.0617
"(65, 23)",23.2333
"(65, 24)",23.2333
"(65, 25)",10.0617
"(65, 26)",23.2333
"(65, 27)",23.2333
"(65, 28)",21.775
"(65, 29)",21.775
"(65, 30)",21.775
"(65, 31)",21.775
"(65, 32)",21.775
"(65, 33)",10.0617
"(65, 34)",19.1167
"(65, 35)",19.1167
"(65, 36)",19.1167
"(65, 37)",10.0617
"(65, 38)",10.0617
"(65, 39)",19.1167
"(65, 40)",19.1167
"(65, 41)",19.1167
"(65, 42)",10.0617
"(65, 43)",9.21
"(65, 44)",9.21
"(65, 45)",8.645
"(65, 46)",8.645
"(65, 47)",8.645
"(65, 48)",8.645
"(65, 49)",8.645
"(65, 62)",0.0
"(65, 63)",0.0
"(65, 64)",10.0617
"(65, 65)",0.0
"(65, 66)",0.0
"(65, 67)",10.0617
"(65, 68)",0.0
"(65, 69)",0.0
"(65, 70)",10.0617
"(65, 71)",5.1067
"(65, 72)",5.1067
"(65, 73)",5.1067
"(65, 74)",5.1067
"(65, 75)",5.1067
"(65, 96)",23.2333
"(65, 97)",23.2333
"(65, 98)",23.2333
"(66, 0)",10.0617
"(66, 1)",13.2917
"(66, 2)",13.2917
"(66, 3)",13.2917
"(66, 4)",13.2917
"(66, 5)",13.2917
"(66, 17)",23.2333
"(66, 18)",23.2333
"(66, 19)",10.0617
"(66, 20)",23.2333
"(66, 21)",23.2333
"(66, 22)",10.0617
"(66, 23)",23.2333
"(66, 24)",23.2333
"(66, 25)",10.0617
"(66, 26)",23.2333
"(66, 27)",23.2333
"(66, 28)",21.775
"(66, 29)",21.775
"(66, 30)",21.775
"(66, 31)",21.775
"(66, 32)",21.775
"(66, 33)",10.0617
"(66, 34)",19.1167
"(66, 35)",19.1167
"(66, 36)",19.1167
"(66, 37)",10.0617
"(66, 38)",10.0617
"(66, 39)",19.1167
"(66, 40)",19.1167
"(66, 41)",19.1167
"(66, 42)",10.0617
"(66, 43)",9.21
"(66, 44)",9.21
"(66, 45)",8.645
"(66, 46)",8.645
"(66, 47)",8.645
"(66, 48)",8.645
"(66, 49)",8.645
"(66, 62)",0.0
"(66, 63)",0.0
"(66, 64)",10.0617
"(66, 65)",0.0
"(66, 66)",0.0
"(66, 67)",10.0617
"(66, 68)",0.0
"(66, 69)",0.0
"(66, 70)",10.0617
"(66, 71)",5.1067
"(66, 72)",5.1067
"(66, 73)",5.1067
"(66, 74)",5.1067
"(66, 75)",5.1067
"(66, 96)",23.2333
"(66, 97)",23.2333
"(66, 98)",23.2333
"(67, 0)",0.0
"(67, 1)",13.8983
"(67, 2)",13.8983
"(67, 3)",13.8983
"(67, 4)",13.8983
"(67, 5)",13.8983
"(67, 17)",23.7383
"(67, 18)",23.7383
"(67, 19)",0.0
"(67, 20)",23.7383
"(67, 21)",23.7383
"(67, 22)",0.0
"(67, 23)",23.7383
"(67, 24)",23.7383
"(67, 25)",0.0
"(67, 26)",23.7383
"(67, 27)",23.7383
"(67, 28)",22.28
"(67, 29)",22.28
"(67, 30)",22.28
"(67, 31)",22.28
"(67, 32)",22.28
"(67, 33)",0.0
"(67, 34)",16.8933
"(67, 35)",16.8933
"(67, 36)",16.8933
"(67, 37)",0.0
"(67, 38)",0.0
"(67, 39)",16.8933
"(67, 40)",16.8933
"(67, 41)",16.8933
"(67, 42)",0.0
"(67, 43)",11.2267
"(67, 44)",11.2267
"(67, 45)",4.595
"(67, 46)",4.595
"(67, 47)",4.595
"(67, 48)",4.595
"(67, 49)",4.595
"(67, 62)",9.9617
"(67, 63)",9.9617
"(67, 64)",0.0
"(67, 65)",9.9617
"(67, 66)",9.9617
"(67, 67)",0.0
"(67, 68)",9.9617
"(67, 69)",9.9617
"(67, 70)",0.0
"(67, 71)",7.37
"(67, 72)",7.37
"(67, 73)",7.37
"(67, 74)",7.37
"(67, 75)",7.37
"(67, 96)",23.7383
"(67, 97)",23.7383
"(67, 98)",23.7383
"(68, 0)",10.0617
"(68, 1)",13.2917
"(68, 2)",13.2917
"(68, 3)",13.2917
"(68, 4)",13.2917
"(68, 5)",13.2917
"(68, 17)",23.2333
"(68, 18)",23.2333
"(68, 19)",10.0617
"(68, 20)",23.2333
"(68, 21)",23.2333
"(68, 22)",10.0617
"(68, 23)",23.2333
"(68, 24)",23.2333
"(68, 25)",10.0617
"(68, 26)",23.2333
"(68, 27)",23.2333
"(68, 28)",21.775
"(68, 29)",21.775
"(68, 30)",21.775
"(68, 31)",21.775
"(68, 32)",21.775
"(68, 33)",10.0617
"(68, 34)",19.1167
"(68, 35)",19.1167
"(68, 36)",19.1167
"(68, 37)",10.0617
"(68, 38)",10.0617
"(68, 39)",19.1167
"(68, 40)",19.1167
"(68, 41)",19.1167
"(68, 42)",10.0617
"(68, 43)",9.21
"(68, 44)",9.21
"(68, 45)",8.645
"(68, 46)",8.645
"(68, 47)",8.645
"(68, 48)",8.645
"(68, 49)",8.645
"(68, 62)",0.0
"(68, 63)",0.0
"(68, 64)",10.0617
"(68, 65)",0.0
"(68, 66)",0.0
"(68, 67)",10.0617
"(68, 68)",0.0
"(68, 69)",0.0
"(68, 70)",10.0617
"(68, 71)",5.1067
"(68, 72)",5.1067
"(68, 73)",5.1067
"(68, 74)",5.1067
"(68, 75)",5.1067
"(68, 96)",23.2333
"(68, 97)",23.2333
"(68, 98)",23.2333
"(69, 0)",10.0617
"(69, 1)",13.2917
"(69, 2)",13.2917
"(69, 3)",13.2917
"(69, 4)",13.2917
"(69, 5)",13.2917
"(69, 17)",23.2333
"(69, 18)",23.2333
"(69, 19)",10.0617
"(69, 20)",23.2333
"(69, 21)",23.2333
"(69, 22)",10.0617
"(69, 23)",23.2333
"(69, 24)",23.2333
"(69, 25)",10.0617
"(69, 26)",23.2333
"(69, 27)",23.2333
"(69, 28)",21.775
"(69, 29)",21.775
"(69, 30)",21.775
"(69, 31)",21.775
"(69, 32)",21.775
"(69, 33)",10.0617
"(69, 34)",19.1167
"(69, 35)",19.1167
"(69, 36)",19.1167
"(69, 37)",10.0617
"(69, 38)",10.0617
"(69, 39)",19.1167
"(69, 40)",19.1167
"(69, 41)",19.1167
"(69, 42)",10.0617
"(69, 43)",9.21
"(69, 44)",9.21
"(69, 45)",8.645
"(69, 46)",8.645
"(69, 47)",8.645
"(69, 48)",8.645
"(69, 49)",8.645
"(69, 62)",0.0
"(69, 63)",0.0
"(69, 64)",10.0617
"(69, 65)",0.0
"(69, 66)",0.0
"(69, 67)",10.0617
"(69, 68)",0.0
"(69, 69)",0.0
"(69, 70)",10.0617
"(69, 71)",5.1067
"(69, 72)",5.1067
"(69, 73)",5.1067
"(69, 74)",5.1067
"(69, 75)",5.1067
"(69, 96)",23.2333
"(69, 97)",23.2333
"(69, 98)",23.2333
"(70, 0)",0.0
"(70, 1)",13.8983
"(70, 2)",13.8983
"(70, 3)",13.8983
"(70, 4)",13.8983
"(70, 5)",13.8983
"(70, 17)",23.7383
"(70, 18)",23.7383
"(70, 19)",0.0
"(70, 20)",23.7383
"(70, 21)",23.7383
"(70, 22)",0.0
"(70, 23)",23.7383
"(70, 24)",23.7383
"(70, 25)",0.0
"(70, 26)",23.7383
"(70, 27)",23.7383
"(70, 28)",22.28
"(70, 29)",22.28
"(70, 30)",22.28
"(70, 31)",22.28
"(70, 32)",22.28
"(70, 33)",0.0
"(70, 34)",16.8933
"(70, 35)",16.8933
"(70, 36)",16.8933
"(70, 37)",0.0
"(70, 38)",0.0
"(70, 39)",16.8933
"(70, 40)",16.8933
"(70, 41)",16.8933
"(70, 42)",0.0
"(70, 43)",11.2267
"(70, 44)",11.2267
"(70, 45)",4.595
"(70, 46)",4.595
"(70, 47)",4.595
"(70, 48)",4.595
"(70, 49)",4.595
"(70, 62)",9.9617
"(70, 63)",9.9617
"(70, 64)",0.0
"(70, 65)",9.9617
"(70, 66)",9.9617
"(70, 67)",0.0
"(70, 68)",9.9617
"(70, 69)",9.9617
"(70, 70)",0.0
"(70, 71)",7.37
"(70, 72)",7.37
"(70, 73)",7.37
"(70, 74)",7.37
"(70, 75)",7.37
"(70, 96)",23.7383
"(70, 97)",23.7383
"(70, 98)",23.7383
"(71, 0)",7.375
"(71, 1)",11.615
"(71, 2)",11.615
"(71, 3)",11.615
"(71, 4)",11.615
"(71, 5)",11.615
"(71, 17)",21.5567
"(71, 18)",21.5567
"(71, 19)",7.375
"(71, 20)",21.5567
"(71, 21)",21.5567
"(71, 22)",7.375
"(71, 23)",21.5567
"(71, 24)",21.5567
"(71, 25)",7.375
"(71, 26)",21.5567
"(71, 27)",21.5567
"(71, 28)",20.0983
"(71, 29)",20.0983
"(71, 30)",20.0983
"(71, 31)",20.0983
"(71, 32)",20.0983
"(71, 33)",7.375
"(71, 34)",17.44
"(71, 35)",17.44
"(71, 36)",17.44
"(71, 37)",7.375
"(71, 38)",7.375
"(71, 39)",17.44
"(71, 40)",17.44
"(71, 41)",17.44
"(71, 42)",7.375
"(71, 43)",5.045
"(71, 44)",5.045
"(71, 45)",6.0567
"(71, 46)",6.0567
"(71, 47)",6.0567
"(71, 48)",6.0567
"(71, 49)",6.0567
"(71, 62)",5.2017
"(71, 63)",5.2017
"(71, 64)",7.375
"(71, 65)",5.2017
"(71, 66)",5.2017
"(71, 67)",7.375
"(71, 68)",5.2017
"(71, 69)",5.2017
"(71, 70)",7.375
"(71, 71)",0.0
"(71, 72)",0.0
"(71, 73)",0.0
"(71, 74)",0.0
"(71, 75)",0.0
"(71, 96)",21.5567
"(71, 97)",21.5567
"(71, 98)",21.5567
"(72, 0)",7.375
"(72, 1)",11.615
"(72, 2)",11.615
"(72, 3)",11.615
"(72, 4)",11.615
"(72, 5)",11.615
"(72, 17)",21.5567
"(72, 18)",21.5567
"(72, 19)",7.375
"(72, 20)",21.5567
"(72, 21)",21.5567
"(72, 22)",7.375
"(72, 23)",21.5567
"(72, 24)",21.5567
"(72, 25)",7.375
"(72, 26)",21.5567
"(72, 27)",21.5567
"(72, 28)",20.0983
"(72, 29)",20.0983
"(72, 30)",20.0983
"(72, 31)",20.0983
"(72, 32)",20.0983
"(72, 33)",7.375
"(72, 34)",17.44
"(72, 35)",17.44
"(72, 36)",17.44
"(72, 37)",7.375
"(72, 38)",7.375
"(72, 39)",17.44
"(72, 40)",17.44
"(72, 41)",17.44
"(72, 42)",7.375
"(72, 43)",5.045
"(72, 44)",5.045
"(72, 45)",6.0567
"(72, 46)",6.0567
"(72, 47)",6.0567
"(72, 48)",6.0567
"(72, 49)",6.0567
"(72, 62)",5.2017
"(72, 63)",5.2017
"(72, 64)",7.375
"(72, 65)",5.2017
"(72, 66)",5.2017
"(72, 67)",7.375
"(72, 68)",5.2017
"(72, 69)",5.2017
"(72, 70)",7.375
"(72, 71)",0.0
"(72, 72)",0.0
"(72, 73)",0.0
"(72, 74)",0.0
"(72, 75)",0.0
"(72, 96)",21.5567
"(72, 97)",21.5567
"(72, 98)",21.5567
"(73, 0)",7.375
"(73, 1)",11.615
"(73, 2)",11.615
"(73, 3)",11.615
"(73, 4)",11.615
"(73, 5)",11.615
"(73, 17)",21.5567
"(73, 18)",21.5567
"(73, 19)",7.375
"(73, 20)",21.5567
"(73, 21)",21.5567
"(73, 22)",7.375
"(73, 23)",21.5567
"(73, 24)",21.5567
"(73, 25)",7.375
"(73, 26)",21.5567
"(73, 27)",21.5567
"(73, 28)",20.0983
"(73, 29)",20.0983
"(73, 30)",20.0983
"(73, 31)",20.0983
"(73, 32)",20.0983
"(73, 33)",7.375
"(73, 34)",17.44
"(73, 35)",17.44
"(73, 36)",17.44
"(73, 37)",7.375
"(73, 38)",7.375
"(73, 39)",17.44
"(73, 40)",17.44
"(73, 41)",17.44
"(73, 42)",7.375
"(73, 43)",5.045
"(73, 44)",5.045
"(73, 45)",6.0567
"(73, 46)",6.0567
"(73, 47)",6.0567
"(73, 48)",6.0567
"(73, 49)",6.0567
"(73, 62)",5.2017
"(73, 63)",5.2017
"(73, 64)",7.375
"(73, 65)",5.2017
"(73, 66)",5.2017
"(73, 67)",7.375
"(73, 68)",5.2017
"(73, 69)",5.2017
"(73, 70)",7.375
"(73, 71)",0.0
"(73, 72)",0.0
"(73, 73)",0.0
"(73, 74)",0.0
"(73, 75)",0.0
"(73, 96)",21.5567
"(73, 97)",21.5567
"(73, 98)",21.5567
"(74, 0)",7.375
"(74, 1)",11.615
"(74, 2)",11.615
"(74, 3)",11.615
"(74, 4)",11.615
"(74, 5)",11.615
"(74, 17)",21.5567
"(74, 18)",21.5567
"(74, 19)",7.375
"(74, 20)",21.5567
"(74, 21)",21.5567
"(74, 22)",7.375
"(74, 23)",21.5567
"(74, 24)",21.5567
"(74, 25)",7.375
"(74, 26)",21.5567
"(74, 27)",21.5567
"(74, 28)",20.0983
"(74, 29)",20.0983
"(74, 30)",20.0983
"(74, 31)",20.0983
"(74, 32)",20.0983
"(74, 33)",7.375
"(74, 34)",17.44
"(74, 35)",17.44
"(74, 36)",17.44
"(74, 37)",7.375
"(74, 38)",7.375
"(74, 39)",17.44
"(74, 40)",17.44
"(74, 41)",17.44
"(74, 42)",7.375
"(74, 43)",5.045
"(74, 44)",5.045
"(74, 45)",6.0567
"(74, 46)",6.0567
"(74, 47)",6.0567
"(74, 48)",6.0567
"(74, 49)",6.0567
"(74, 62)",5.2017
"(74, 63)",5.2017
"(74, 64)",7.375
"(74, 65)",5.2017
"(74, 66)",5.2017
"(74, 67)",7.375
"(74, 68)",5.2017
"(74, 69)",5.2017
"(74, 70)",7.375
"(74, 71)",0.0
"(74, 72)",0.0
"(74, 73)",0.0
"(74, 74)",0.0
"(74, 75)",0.0
"(74, 96)",21.5567
"(74, 97)",21.5567
"(74, 98)",21.5567
"(75, 0)",7.375
"(75, 1)",11.615
"(75, 2)",11.615
"(75, 3)",11.615
"(75, 4)",11.615
"(75, 5)",11.615
"(75, 17)",21.5567
"(75, 18)",21.5567
"(75, 19)",7.375
"(75, 20)",21.5567
"(75, 21)",21.5567
"(75, 22)",7.375
"(75, 23)",21.5567
"(75, 24)",21.5567
"(75, 25)",7.375
"(75, 26)",21.5567
"(75, 27)",21.5567
"(75, 28)",20.0983
"(75, 29)",20.0983
"(75, 30)",20.0983
"(75, 31)",20.0983
"(75, 32)",20.0983
"(75, 33)",7.375
"(75, 34)",17.44
"(75, 35)",17.44
"(75, 36)",17.44
"(75, 37)",7.375
"(75, 38)",7.375
"(75, 39)",17.44
"(75, 40)",17.44
"(75, 41)",17.44
"(75, 42)",7.375
"(75, 43)",5.045
"(75, 44)",5.045
"(75, 45)",6.0567
"(75, 46)",6.0567
"(75, 47)",6.0567
"(75, 48)",6.0567
"(75, 49)",6.0567
"(75, 62)",5.2017
"(75, 63)",5.2017
"(75, 64)",7.375
"(75, 65)",5.2017
"(75, 66)",5.2017
"(75, 67)",7.375
"(75, 68)",5.2017
"(75, 69)",5.2017
"(75, 70)",7.375
"(75, 71)",0.0
"(75, 72)",0.0
"(75, 73)",0.0
"(75, 74)",0.0
"(75, 75)",0.0
"(75, 96)",21.5567
"(75, 97)",21.5567
"(75, 98)",21.5567
"(96, 0)",23.8533
"(96, 1)",12.315
"(96, 2)",12.315
"(96, 3)",12.315
"(96, 4)",12.315
"(96, 5)",12.315
"(96, 17)",0.0
"(96, 18)",0.0
"(96, 19)",23.8533
"(96, 20)",0.0
"(96, 21)",0.0
"(96, 22)",23.8533
"(96, 23)",0.0
"(96, 24)",0.0
"(96, 25)",23.8533
"(96, 26)",0.0
"(96, 27)",0.0
"(96, 28)",6.545
"(96, 29)",6.545
"(96, 30)",6.545
"(96, 31)",6.545
"(96, 32)",6.545
"(96, 33)",23.8533
"(96, 34)",17.3517
"(96, 35)",17.3517
"(96, 36)",17.3517
"(96, 37)",23.8533
"(96, 38)",23.8533
"(96, 39)",17.3517
"(96, 40)",17.3517
"(96, 41)",17.3517
"(96, 42)",23.8533
"(96, 43)",25.94
"(96, 44)",25.94
"(96, 45)",20.72
"(96, 46)",20.72
"(96, 47)",20.72
"(96, 48)",20.72
"(96, 49)",20.72
"(96, 62)",23.8867
"(96, 63)",23.8867
"(96, 64)",23.8533
"(96, 65)",23.8867
"(96, 66)",23.8867
"(96, 67)",23.8533
"(96, 68)",23.8867
"(96, 69)",23.8867
"(96, 70)",23.8533
"(96, 71)",21.8367
"(96, 72)",21.8367
"(96, 73)",21.8367
"(96, 74)",21.8367
"(96, 75)",21.8367
"(96, 96)",0.0
"(96, 97)",0.0
"(96, 98)",0.0
"(97, 0)",23.8533
"(97, 1)",12.315
"(97, 2)",12.315
"(97, 3)",12.315
"(97, 4)",12.315
"(97, 5)",12.315
"(97, 17)",0.0
"(97, 18)",0.0
"(97, 19)",23.8533
"(97, 20)",0.0
"(97, 21)",0.0
"(97, 22)",23.8533
"(97, 23)",0.0
"(97, 24)",0.0
"(97, 25)",23.8533
"(97, 26)",0.0
"(97, 27)",0.0
"(97, 28)",6.545
"(97, 29)",6.545
"(97, 30)",6.545
"(97, 31)",6.545
"(97, 32)",6.545
"(97, 33)",23.8533
"(97, 34)",17.3517
"(97, 35)",17.3517
"(97, 36)",17.3517
"(97, 37)",23.8533
"(97, 38)",23.8533
"(97, 39)",17.3517
"(97, 40)",17.3517
"(97, 41)",17.3517
"(97, 42)",23.8533
"(97, 43)",25.94
"(97, 44)",25.94
"(97, 45)",20.72
"(97, 46)",20.72
"(97, 47)",20.72
"(97, 48)",20.72
"(97, 49)",20.72
"(97, 62)",23.8867
"(97, 63)",23.8867
"(97, 64)",23.8533
"(97, 65)",23.8867
"(97, 66)",23.8867
"(97, 67)",23.8533
"(97, 68)",23.8867
"(97, 69)",23.8867
"(97, 70)",23.8533
"(97, 71)",21.8367
"(97, 72)",21.8367
"(97, 73)",21.8367
"(97, 74)",21.8367
"(97, 75)",21.8367
"(97, 96)",0.0
"(97, 97)",0.0
"(97, 98)",0.0
"(98, 0)",23.8533
"(98, 1)",12.315
"(98, 2)",12.315
"(98, 3)",12.315
"(98, 4)",12.315
"(98, 5)",12.315
"(98, 17)",0.0
"(98, 18)",0.0
"(98, 19)",23.8533
"(98, 20)",0.0
"(98, 21)",0.0
"(98, 22)",23.8533
"(98, 23)",0.0
"(98, 24)",0.0
"(98, 25)",23.8533
"(98, 26)",0.0
"(98, 27)",0.0
"(98, 28)",6.545
"(98, 29)",6.545
"(98, 30)",6.545
"(98, 31)",6.545
"(98, 32)",6.545
"(98, 33)",23.8533
"(98, 34)",17.3517
"(98, 35)",17.3517
"(98, 36)",17.3517
"(98, 37)",23.8533
"(98, 38)",23.8533
"(98, 39)",17.3517
"(98, 40)",17.3517
"(98, 41)",17.3517
"(98, 42)",23.8533
"(98, 43)",25.94
"(98, 44)",25.94
"(98, 45)",20.72
"(98, 46)",20.72
"(98, 47)",20.72
"(98, 48)",20.72
"(98, 49)",20.72
"(98, 62)",23.8867
"(98, 63)",23.8867
"(98, 64)",23.8533
"(98, 65)",23.8867
"(98, 66)",23.8867
"(98, 67)",23.8533
"(98, 68)",23.8867
"(98, 69)",23.8867
"(98, 70)",23.8533
"(98, 71)",21.8367
"(98, 72)",21.8367
"(98, 73)",21.8367
"(98, 74)",21.8367
"(98, 75)",21.8367
"(98, 96)",0.0
"(98, 97)",0.0
"(98, 98)",0.0
