treatmentId,patientId,therapy,clinic,patternType,pattern,visits,location,employeeRestriction,heaviness,utility,pattern_complexity,nActInTreat,allocation,employeeHistory,continuityGroup,extraSupport,t_complexity,complexity,visitsIds,nActivities,activitiesIds
1,1,nutrition,1,1,[1],5,"(59.9024, 10.8344)",,1,2,1,,0,{0: []},3,yes,2.0938852813852815,3.0938852813852815,"[1, 2, 3, 4, 5]",15,"[1, 2, 3, 4, 5, 6, 7, 8, 9, 10, 11, 12, 13, 14, 15]"
2,2,advanced,1,5,"[11, 12, 13, 14]",2,"(59.9378, 10.6354)",,2,3,4,,1,{2: [6]},1,no,0.31878787878787873,4.318787878787878,"[6, 7]",6,"[16, 17, 18, 19, 20, 21]"
3,3,antibiotics,1,1,[1],5,"(59.9619, 10.7289)",,2,3,1,,0,"{1: [4, 6, 7]}",2,yes,1.9170634920634917,2.917063492063492,"[8, 9, 10, 11, 12]",13,"[22, 23, 24, 25, 26, 27, 28, 29, 30, 31, 32, 33, 34]"
4,3,advanced,1,6,"[15, 16, 17, 18, 19]",1,"(59.9619, 10.7289)",,2,3,5,,0,"{1: [4, 6, 7]}",2,yes,0.08222222222222222,5.082222222222223,[13],3,"[35, 36, 37]"
5,4,advanced,1,5,"[11, 12, 13, 14]",2,"(59.9531, 10.6688)",,3,1,4,,0,"{1: [1, 4, 2]}",2,no,0.31222222222222223,4.312222222222222,"[14, 15]",6,"[38, 39, 40, 41, 42, 43]"
6,5,antibiotics,1,4,"[8, 9, 10]",2,"(59.92, 10.8645)",,2,3,4,,0,{2: [4]},1,no,0.7,4.7,"[16, 17]",10,"[44, 45, 46, 47, 48, 49, 50, 51, 52, 53]"
7,5,nutrition,1,6,"[15, 16, 17, 18, 19]",1,"(59.92, 10.8645)",,2,3,5,,0,{2: [4]},1,no,0.07666666666666666,5.076666666666666,[18],3,"[54, 55, 56]"
8,6,advanced,1,5,"[11, 12, 13, 14]",2,"(59.9444, 10.6437)",,3,2,4,,0,{0: []},3,no,0.29416666666666663,4.2941666666666665,"[19, 20]",6,"[57, 58, 59, 60, 61, 62]"
9,7,advanced,1,6,"[15, 16, 17, 18, 19]",1,"(59.9452, 10.8068)",,3,2,5,,0,{0: []},3,no,0.07666666666666666,5.076666666666666,[21],3,"[63, 64, 65]"
10,8,advanced,1,6,"[15, 16, 17, 18, 19]",1,"(59.9502, 10.644)",,2,2,5,,0,{2: [5]},1,yes,0.07666666666666666,5.076666666666666,[22],3,"[66, 67, 68]"
11,9,antibiotics,1,4,"[8, 9, 10]",2,"(59.9493, 10.7306)",,1,1,4,,0,{0: []},3,no,0.75,4.75,"[23, 24]",10,"[69, 70, 71, 72, 73, 74, 75, 76, 77, 78]"
12,10,advanced,1,5,"[11, 12, 13, 14]",2,"(59.9739, 10.6746)",,1,1,4,,0,"{1: [3, 6, 4]}",2,yes,0.29416666666666663,4.2941666666666665,"[25, 26]",6,"[79, 80, 81, 82, 83, 84]"
13,11,nutrition,1,3,[7],3,"(59.9198, 10.6813)",,3,3,2,,0,"{1: [7, 5, 6]}",2,yes,1.1083333333333334,3.1083333333333334,"[27, 28, 29]",9,"[85, 86, 87, 88, 89, 90, 91, 92, 93]"
14,11,advanced,1,5,"[11, 12, 13, 14]",2,"(59.9198, 10.6813)",,3,3,4,,0,"{1: [7, 5, 6]}",2,yes,0.29416666666666663,4.2941666666666665,"[30, 31]",6,"[94, 95, 96, 97, 98, 99]"
15,12,advanced,1,6,"[15, 16, 17, 18, 19]",1,"(59.9446, 10.6472)",,2,3,5,,0,"{1: [4, 7, 1]}",2,yes,0.07666666666666666,5.076666666666666,[32],3,"[100, 101, 102]"
16,13,antibiotics,2,1,[1],5,"(59.9499, 10.7179)",,2,2,1,,0,{0: []},3,yes,1.9254884004884008,2.9254884004884008,"[33, 34, 35, 36, 37]",13,"[103, 104, 105, 106, 107, 108, 109, 110, 111, 112, 113, 114, 115]"
17,13,nutrition,2,3,[7],3,"(59.9499, 10.7179)",,2,2,2,,0,{0: []},3,yes,1.3166666666666667,3.3166666666666664,"[38, 39, 40]",9,"[116, 117, 118, 119, 120, 121, 122, 123, 124]"
18,14,advanced,2,5,"[11, 12, 13, 14]",2,"(59.9493, 10.7091)",,3,2,4,,1,"{1: [7, 5, 6]}",2,yes,0.34833333333333333,4.348333333333334,"[41, 42]",6,"[125, 126, 127, 128, 129, 130]"
19,15,antibiotics,2,1,[1],5,"(59.9423, 10.6909)",[1],2,1,1,,1,{0: []},3,yes,1.8304487179487179,2.830448717948718,"[43, 44, 45, 46, 47]",13,"[131, 132, 133, 134, 135, 136, 137, 138, 139, 140, 141, 142, 143]"
20,15,nutrition,2,1,[1],5,"(59.9423, 10.6909)",[1],2,1,1,,1,{0: []},3,yes,2.1488095238095237,3.1488095238095237,"[48, 49, 50, 51, 52]",15,"[144, 145, 146, 147, 148, 149, 150, 151, 152, 153, 154, 155, 156, 157, 158]"
21,16,antibiotics,2,1,[1],5,"(59.8853, 10.8461)",,2,1,1,,0,{0: []},3,yes,1.741558441558442,2.7415584415584417,"[53, 54, 55, 56, 57]",13,"[159, 160, 161, 162, 163, 164, 165, 166, 167, 168, 169, 170, 171]"
22,17,advanced,2,5,"[11, 12, 13, 14]",2,"(59.9413, 10.698)",,2,2,4,,0,{0: []},3,yes,0.31878787878787873,4.318787878787878,"[58, 59]",6,"[172, 173, 174, 175, 176, 177]"
23,18,nutrition,2,6,"[15, 16, 17, 18, 19]",1,"(59.9542, 10.7272)",,2,1,5,,0,"{1: [6, 7, 1]}",2,no,0.08424242424242424,5.084242424242424,[60],3,"[178, 179, 180]"
24,19,advanced,2,5,"[11, 12, 13, 14]",2,"(59.9687, 10.6246)",[1],3,2,4,,0,"{1: [1, 7, 5]}",2,yes,0.31878787878787873,4.318787878787878,"[61, 62]",6,"[181, 182, 183, 184, 185, 186]"
25,20,nutrition,2,1,[1],5,"(59.8629, 10.7853)",,3,3,1,,1,"{1: [3, 5, 4]}",2,yes,2.2095238095238097,3.2095238095238097,"[63, 64, 65, 66, 67]",15,"[187, 188, 189, 190, 191, 192, 193, 194, 195, 196, 197, 198, 199, 200, 201]"
26,21,advanced,2,5,"[11, 12, 13, 14]",2,"(59.9261, 10.72)",,3,2,4,,0,{0: []},3,yes,0.4133333333333333,4.413333333333333,"[68, 69]",6,"[202, 203, 204, 205, 206, 207]"
27,22,antibiotics,2,1,[1],5,"(59.927, 10.8281)",,3,2,1,,0,{0: []},3,yes,1.7253968253968253,2.7253968253968255,"[70, 71, 72, 73, 74]",13,"[208, 209, 210, 211, 212, 213, 214, 215, 216, 217, 218, 219, 220]"
28,22,advanced,2,6,"[15, 16, 17, 18, 19]",1,"(59.927, 10.8281)",,3,2,5,,0,{0: []},3,yes,0.07777777777777778,5.0777777777777775,[75],3,"[221, 222, 223]"
29,23,nutrition,2,3,[7],3,"(59.9789, 10.6667)",,1,1,2,,0,{0: []},3,yes,1.1222222222222222,3.1222222222222222,"[76, 77, 78]",9,"[224, 225, 226, 227, 228, 229, 230, 231, 232]"
30,24,antibiotics,2,1,[1],5,"(59.9033, 10.8049)",,2,1,1,,0,{0: []},3,yes,1.6712301587301588,2.671230158730159,"[79, 80, 81, 82, 83]",13,"[233, 234, 235, 236, 237, 238, 239, 240, 241, 242, 243, 244, 245]"
31,25,nutrition,2,1,[1],5,"(59.9313, 10.6505)",,3,1,1,,0,{0: []},3,yes,2.1364468864468864,3.1364468864468864,"[84, 85, 86, 87, 88]",15,"[246, 247, 248, 249, 250, 251, 252, 253, 254, 255, 256, 257, 258, 259, 260]"
32,26,nutrition,2,6,"[15, 16, 17, 18, 19]",1,"(59.8855, 10.8148)",,3,1,5,,0,"{1: [5, 7, 3]}",2,no,0.08051282051282052,5.080512820512821,[89],3,"[261, 262, 263]"
33,27,advanced,2,6,"[15, 16, 17, 18, 19]",1,"(59.9234, 10.6638)",,2,1,5,,0,{0: []},3,yes,0.08051282051282052,5.080512820512821,[90],3,"[264, 265, 266]"
34,28,antibiotics,2,1,[1],5,"(59.945, 10.6579)",,1,1,1,,0,{0: []},3,yes,1.749134199134199,2.749134199134199,"[91, 92, 93, 94, 95]",13,"[267, 268, 269, 270, 271, 272, 273, 274, 275, 276, 277, 278, 279]"
35,29,antibiotics,2,4,"[8, 9, 10]",2,"(59.9324, 10.7556)",,1,1,4,,0,"{1: [1, 3, 5]}",2,no,0.7,4.7,"[96, 97]",10,"[280, 281, 282, 283, 284, 285, 286, 287, 288, 289]"
36,30,advanced,2,6,"[15, 16, 17, 18, 19]",1,"(59.936, 10.8143)",,2,2,5,,0,{0: []},3,yes,0.07666666666666666,5.076666666666666,[98],3,"[290, 291, 292]"
37,31,antibiotics,2,1,[1],5,"(59.862, 10.8097)",,2,1,1,,0,"{1: [1, 4, 2]}",2,yes,1.7846153846153847,2.7846153846153845,"[99, 100, 101, 102, 103]",13,"[293, 294, 295, 296, 297, 298, 299, 300, 301, 302, 303, 304, 305]"
38,32,nutrition,2,1,[1],5,"(59.8831, 10.8087)",,3,3,1,,0,"{1: [7, 3, 4]}",2,yes,2.1444444444444444,3.1444444444444444,"[104, 105, 106, 107, 108]",15,"[306, 307, 308, 309, 310, 311, 312, 313, 314, 315, 316, 317, 318, 319, 320]"
39,33,nutrition,2,3,[7],3,"(59.9488, 10.8246)",,3,2,2,,1,{0: []},3,yes,1.1222222222222222,3.1222222222222222,"[109, 110, 111]",9,"[321, 322, 323, 324, 325, 326, 327, 328, 329]"
40,33,advanced,2,6,"[15, 16, 17, 18, 19]",1,"(59.9488, 10.8246)",,3,2,5,,1,{0: []},3,yes,0.07777777777777778,5.0777777777777775,[112],3,"[330, 331, 332]"
41,34,advanced,2,6,"[15, 16, 17, 18, 19]",1,"(59.9647, 10.6372)",,2,3,5,,0,{0: []},3,yes,0.07777777777777778,5.0777777777777775,[113],3,"[333, 334, 335]"
42,35,nutrition,2,1,[1],5,"(59.958, 10.6807)",,2,1,1,,0,{0: []},3,yes,2.050925925925926,3.050925925925926,"[114, 115, 116, 117, 118]",15,"[336, 337, 338, 339, 340, 341, 342, 343, 344, 345, 346, 347, 348, 349, 350]"
43,36,antibiotics,2,1,[1],5,"(59.9364, 10.7422)",,2,1,1,,0,"{1: [2, 3, 5]}",2,yes,1.9856060606060602,2.9856060606060604,"[119, 120, 121, 122, 123]",13,"[351, 352, 353, 354, 355, 356, 357, 358, 359, 360, 361, 362, 363]"
44,37,antibiotics,2,1,[1],5,"(59.8999, 10.8114)",,2,1,1,,0,"{1: [3, 1, 6]}",2,yes,1.7646418396418393,2.7646418396418393,"[124, 125, 126, 127, 128]",13,"[364, 365, 366, 367, 368, 369, 370, 371, 372, 373, 374, 375, 376]"
45,38,antibiotics,2,1,[1],5,"(59.9372, 10.8026)",,2,1,1,,0,{0: []},3,yes,1.8449074074074077,2.8449074074074074,"[129, 130, 131, 132, 133]",13,"[377, 378, 379, 380, 381, 382, 383, 384, 385, 386, 387, 388, 389]"
46,39,nutrition,2,3,[7],3,"(59.9679, 10.6232)",,2,2,2,,0,{0: []},3,yes,1.2703703703703701,3.27037037037037,"[134, 135, 136]",9,"[390, 391, 392, 393, 394, 395, 396, 397, 398]"
47,40,advanced,2,5,"[11, 12, 13, 14]",2,"(59.9429, 10.7632)",,3,2,4,,0,{2: [2]},1,yes,0.3362962962962963,4.336296296296297,"[137, 138]",6,"[399, 400, 401, 402, 403, 404]"
48,41,antibiotics,3,4,"[8, 9, 10]",2,"(59.9384, 10.8415)",,1,1,4,,0,"{1: [1, 4, 6]}",2,no,0.75,4.75,"[139, 140]",10,"[405, 406, 407, 408, 409, 410, 411, 412, 413, 414]"
49,42,nutrition,4,6,"[15, 16, 17, 18, 19]",1,"(59.9627, 10.6745)",,3,3,5,,0,{0: []},3,no,0.09333333333333334,5.093333333333334,[141],3,"[415, 416, 417]"
50,43,advanced,4,6,"[15, 16, 17, 18, 19]",1,"(59.9795, 10.6694)",,3,3,5,,0,{2: [3]},1,no,0.09333333333333334,5.093333333333334,[142],3,"[418, 419, 420]"
51,44,nutrition,4,6,"[15, 16, 17, 18, 19]",1,"(59.9412, 10.761)",,3,3,5,,0,{2: [3]},1,no,0.09333333333333334,5.093333333333334,[143],3,"[421, 422, 423]"
52,44,advanced,4,6,"[15, 16, 17, 18, 19]",1,"(59.9412, 10.761)",,3,3,5,,0,{2: [3]},1,no,0.09333333333333334,5.093333333333334,[144],3,"[424, 425, 426]"
53,45,advanced,4,6,"[15, 16, 17, 18, 19]",1,"(59.9533, 10.728)",,3,3,5,,0,{2: [3]},1,no,0.09333333333333334,5.093333333333334,[145],3,"[427, 428, 429]"
54,46,antibiotics,4,4,"[8, 9, 10]",2,"(59.9214, 10.7002)",,2,1,4,,0,{0: []},3,no,0.75,4.75,"[146, 147]",10,"[430, 431, 432, 433, 434, 435, 436, 437, 438, 439]"
55,47,antibiotics,4,4,"[8, 9, 10]",2,"(59.9649, 10.6819)",,3,3,4,,0,"{1: [2, 6, 1]}",2,no,0.75,4.75,"[148, 149]",10,"[440, 441, 442, 443, 444, 445, 446, 447, 448, 449]"
56,47,nutrition,4,6,"[15, 16, 17, 18, 19]",1,"(59.9649, 10.6819)",,3,3,5,,0,"{1: [2, 6, 1]}",2,no,0.07666666666666666,5.076666666666666,[150],3,"[450, 451, 452]"
57,48,advanced,4,6,"[15, 16, 17, 18, 19]",1,"(59.931, 10.824)",,3,3,5,,0,{2: [3]},1,no,0.07666666666666666,5.076666666666666,[151],3,"[453, 454, 455]"
58,49,antibiotics,4,4,"[8, 9, 10]",2,"(59.9631, 10.6225)",,1,1,4,,0,{1: []},2,no,0.7,4.7,"[152, 153]",10,"[456, 457, 458, 459, 460, 461, 462, 463, 464, 465]"
59,50,advanced,4,5,"[11, 12, 13, 14]",2,"(59.9262, 10.7262)",,3,3,4,,0,{1: []},2,no,0.29416666666666663,4.2941666666666665,"[154, 155]",6,"[466, 467, 468, 469, 470, 471]"
