treatmentId,patientId,therapy,clinic,patternType,pattern,visits,location,employeeRestriction,heaviness,utility,pattern_complexity,nActInTreat,allocation,employeeHistory,continuityGroup,extraSupport,t_complexity,complexity,visitsIds,nActivities,activitiesIds
1,1,,2,1,[1],5,"(59.8953, 10.8378)",,1,1,1,,0,{1: []},2,yes,1.595899470899471,2.5958994708994707,"[1, 2, 3, 4, 5]",11,"[1, 2, 3, 4, 5, 6, 7, 8, 9, 10, 11]"
2,2,,2,1,[1],5,"(59.9427, 10.646)",,1,1,1,,1,"{1: [5, 2, 1]}",2,yes,1.7172288359788361,2.717228835978836,"[6, 7, 8, 9, 10]",11,"[12, 13, 14, 15, 16, 17, 18, 19, 20, 21, 22]"
3,3,,4,4,"[8, 9, 10]",2,"(59.9376, 10.6839)",,2,1,4,,0,"{1: [2, 5, 3]}",2,no,0.7,4.7,"[11, 12]",10,"[23, 24, 25, 26, 27, 28, 29, 30, 31, 32]"
4,4,,3,4,"[8, 9, 10]",2,"(59.9119, 10.7198)",,2,1,4,,0,"{1: [4, 1, 2]}",2,no,0.7,4.7,"[13, 14]",10,"[33, 34, 35, 36, 37, 38, 39, 40, 41, 42]"
5,5,,2,1,[1],5,"(59.9059, 10.7822)",,2,1,1,,1,"{1: [1, 2, 5]}",2,yes,1.5957912457912458,2.5957912457912458,"[15, 16, 17, 18, 19]",11,"[43, 44, 45, 46, 47, 48, 49, 50, 51, 52, 53]"
6,6,,2,1,[1],5,"(59.8921, 10.8072)",,1,1,1,,0,"{1: [1, 3, 4]}",2,yes,1.5535714285714284,2.5535714285714284,"[20, 21, 22, 23, 24]",11,"[54, 55, 56, 57, 58, 59, 60, 61, 62, 63, 64]"
7,7,,2,1,[1],5,"(59.9439, 10.6339)",,1,1,1,,0,{0: []},3,yes,1.8396825396825391,2.8396825396825394,"[25, 26, 27, 28, 29]",11,"[65, 66, 67, 68, 69, 70, 71, 72, 73, 74, 75]"
8,8,,2,1,[1],5,"(59.9276, 10.8641)",,1,1,1,,0,"{1: [5, 3, 4]}",2,yes,1.684110334110334,2.684110334110334,"[30, 31, 32, 33, 34]",11,"[76, 77, 78, 79, 80, 81, 82, 83, 84, 85, 86]"
9,9,,2,4,"[8, 9, 10]",2,"(59.8807, 10.8009)",,1,1,4,,0,{0: []},3,no,0.75,4.75,"[35, 36]",10,"[87, 88, 89, 90, 91, 92, 93, 94, 95, 96]"
10,10,,2,1,[1],5,"(59.9265, 10.814)",[3],2,1,1,,0,{0: []},3,yes,1.5002899877899878,2.500289987789988,"[37, 38, 39, 40, 41]",11,"[97, 98, 99, 100, 101, 102, 103, 104, 105, 106, 107]"
11,11,,1,1,[1],5,"(59.8712, 10.8197)",,2,1,1,,0,{0: []},3,yes,1.5828643578643578,2.5828643578643575,"[42, 43, 44, 45, 46]",11,"[108, 109, 110, 111, 112, 113, 114, 115, 116, 117, 118]"
12,12,,2,1,[1],5,"(59.9376, 10.7724)",,1,1,1,,0,{0: []},3,yes,1.5925518925518927,2.5925518925518927,"[47, 48, 49, 50, 51]",11,"[119, 120, 121, 122, 123, 124, 125, 126, 127, 128, 129]"
13,13,,3,4,"[8, 9, 10]",2,"(59.9513, 10.7209)",,1,1,4,,0,{0: []},3,no,0.75,4.75,"[52, 53]",10,"[130, 131, 132, 133, 134, 135, 136, 137, 138, 139]"
14,14,,3,4,"[8, 9, 10]",2,"(59.9294, 10.6507)",,2,1,4,,0,"{1: [5, 3, 4]}",2,no,0.75,4.75,"[54, 55]",10,"[140, 141, 142, 143, 144, 145, 146, 147, 148, 149]"
15,15,,2,4,"[8, 9, 10]",2,"(59.9422, 10.7641)",,2,1,4,,1,{0: []},3,no,0.75,4.75,"[56, 57]",10,"[150, 151, 152, 153, 154, 155, 156, 157, 158, 159]"
16,16,,2,1,[1],5,"(59.9344, 10.7843)",,2,1,1,,0,{0: []},3,yes,1.7569444444444446,2.7569444444444446,"[58, 59, 60, 61, 62]",11,"[160, 161, 162, 163, 164, 165, 166, 167, 168, 169, 170]"
17,17,,4,4,"[8, 9, 10]",2,"(59.9576, 10.7513)",,2,1,4,,0,{0: []},3,no,0.7,4.7,"[63, 64]",10,"[171, 172, 173, 174, 175, 176, 177, 178, 179, 180]"
18,18,,2,1,[1],5,"(59.952, 10.7107)",,1,1,1,,0,{0: []},3,yes,1.6488997113997115,2.6488997113997117,"[65, 66, 67, 68, 69]",11,"[181, 182, 183, 184, 185, 186, 187, 188, 189, 190, 191]"
19,19,,2,1,[1],5,"(59.8935, 10.7882)",,1,1,1,,0,"{1: [1, 5, 3]}",2,yes,1.7460150960150957,2.7460150960150957,"[70, 71, 72, 73, 74]",11,"[192, 193, 194, 195, 196, 197, 198, 199, 200, 201, 202]"
20,20,,2,1,[1],5,"(59.8773, 10.8153)",,2,1,1,,0,"{1: [2, 3, 5]}",2,yes,1.5362470862470863,2.5362470862470863,"[75, 76, 77, 78, 79]",11,"[203, 204, 205, 206, 207, 208, 209, 210, 211, 212, 213]"
21,21,,2,1,[1],5,"(59.9381, 10.8332)",,1,1,1,,1,{0: []},3,yes,1.645095645095645,2.645095645095645,"[80, 81, 82, 83, 84]",11,"[214, 215, 216, 217, 218, 219, 220, 221, 222, 223, 224]"
22,22,,4,4,"[8, 9, 10]",2,"(59.9032, 10.8452)",,2,1,4,,0,"{1: [5, 3, 4]}",2,no,0.7,4.7,"[85, 86]",10,"[225, 226, 227, 228, 229, 230, 231, 232, 233, 234]"
23,23,,1,4,"[8, 9, 10]",2,"(59.929, 10.8192)",,1,1,4,,0,"{1: [3, 2, 5]}",2,no,0.7,4.7,"[87, 88]",10,"[235, 236, 237, 238, 239, 240, 241, 242, 243, 244]"
24,24,,2,1,[1],5,"(59.9318, 10.6695)",,1,1,1,,0,{0: []},3,yes,1.636904761904762,2.636904761904762,"[89, 90, 91, 92, 93]",11,"[245, 246, 247, 248, 249, 250, 251, 252, 253, 254, 255]"
25,25,,2,1,[1],5,"(59.8925, 10.8107)",,1,1,1,,0,"{1: [3, 4, 2]}",2,yes,1.5816773504273502,2.5816773504273502,"[94, 95, 96, 97, 98]",11,"[256, 257, 258, 259, 260, 261, 262, 263, 264, 265, 266]"
